YEAR,Month,Day,temperature,Humidity,Rainfall (mm/day),wind direction,CN,INFILTRATION,RUNOFF(mm/day),Runoff%,Dams
2019,1,1,11.4,5.68,0,181.25,79,0,0,0,0
2019,1,2,10.76,6.35,3.93,182.75,79,-213.3544304,0.279459644,7.11093241,0
2019,1,3,10.16,6.59,1.27,206.06,79,-213.3544304,0.259370561,20.42287884,0
2019,1,4,10.34,5.74,0,171.5,79,0,0,0,0
2019,1,5,10.05,5.43,0.52,199.12,79,-213.3544304,0.253819855,48.8115105,1
2019,1,6,9.89,5.74,11.81,219.88,79,-213.3544304,0.342919813,2.903639397,0
2019,1,7,9.33,5.62,6.65,209.25,79,-213.3544304,0.30067561,4.521437752,0
2019,1,8,9.78,5.86,18.26,210.94,79,-213.3544304,0.399747207,2.189196094,0
2019,1,9,8.6,5.49,11.43,248.44,79,-213.3544304,0.339715429,2.972138484,0
2019,1,10,8.85,5.19,0.34,115.94,79,-213.3544304,0.252494958,74.26322296,1
2019,1,11,9.3,4.76,0,114.38,79,0,0,0,0
2019,1,12,10.59,4.82,0,120.19,79,0,0,0,0
2019,1,13,9.2,5.37,0.68,204.38,79,-213.3544304,0.254999896,37.49998467,0
2019,1,14,10.28,6.9,5.4,210.25,79,-213.3544304,0.290838911,5.385905764,0
2019,1,15,9.3,5.49,0.01,186.69,79,-213.3544304,0.250073239,2500.732392,1
2019,1,16,8.51,5.37,29.67,212.25,79,-213.3544304,0.513006651,1.729041627,0
2019,1,17,9.71,5.8,5.54,281,79,-213.3544304,0.291933217,5.269552645,0
2019,1,18,9.51,5.37,0,207.44,79,0,0,0,0
2019,1,19,8.1,4.39,0,80.25,79,0,0,0,0
2019,1,20,9.35,5.13,0,103.75,79,0,0,0,0
2019,1,21,10.86,4.82,0,109.88,79,0,0,0,0
2019,1,22,11.24,5.68,0,195.56,79,0,0,0,0
2019,1,23,11.02,5.43,0,98.25,79,0,0,0,0
2019,1,24,12.28,5.98,0,170.44,79,0,0,0,0
2019,1,25,11.55,5.68,0,112.94,79,0,0,0,0
2019,1,26,13.51,5.92,0,147.56,79,0,0,0,0
2019,1,27,12.66,6.41,0,229.5,79,0,0,0,0
2019,1,28,9.24,6.47,5.69,236.12,79,-213.3544304,0.293107747,5.15127851,0
2019,1,29,12.82,6.59,0.1,178.94,79,-213.3544304,0.250732779,250.7327788,1
2019,1,30,12.65,5.19,0,180.44,79,0,0,0,0
2019,1,31,11.38,5.55,0,213.25,79,0,0,0,0
2019,2,1,11.3,5.98,0,228.81,79,0,0,0,0
2019,2,2,10.86,6.35,0,175.38,79,0,0,0,0
2019,2,3,11.8,5.31,0,84,79,0,0,0,0
2019,2,4,12.67,4.64,0,107.38,79,0,0,0,0
2019,2,5,14.75,4.82,0.01,112.88,79,-213.3544304,0.250073239,2500.732392,1
2019,2,6,15.05,6.41,7.88,121,79,-213.3544304,0.310502368,3.940385385,0
2019,2,7,14.73,9.34,5.52,224.12,79,-213.3544304,0.291776774,5.285811116,0
2019,2,8,12.09,6.9,0.37,205.06,79,-213.3544304,0.25271558,68.30150802,1
2019,2,9,11.54,7.14,8.32,247.69,79,-213.3544304,0.314053788,3.774684949,0
2019,2,10,9.87,6.77,11.3,227.25,79,-213.3544304,0.3386227,2.99666106,0
2019,2,11,11.62,6.59,4.36,268.12,79,-213.3544304,0.282767459,6.48549219,0
2019,2,12,11.14,5.8,0.01,112,79,-213.3544304,0.250073239,2500.732392,1
2019,2,13,12.28,5.25,0,120.81,79,0,0,0,0
2019,2,14,10.18,5.8,2.84,193.94,79,-213.3544304,0.27115065,9.547558086,0
2019,2,15,8.97,5.55,2.7,207.5,79,-213.3544304,0.270091254,10.00337977,0
2019,2,16,10.52,6.84,22.77,233.88,79,-213.3544304,0.442426597,1.943024142,0
2019,2,17,10.33,5.8,0.74,200.19,79,-213.3544304,0.255442984,34.51932217,0
2019,2,18,9.57,5.68,0.39,215.31,79,-213.3544304,0.252862704,64.83659075,1
2019,2,19,10.24,6.29,0.09,229.94,79,-213.3544304,0.250659462,278.5105136,1
2019,2,20,11.87,6.84,0.01,241.94,79,-213.3544304,0.250073239,2500.732392,1
2019,2,21,11.01,6.23,0.32,197.94,79,-213.3544304,0.25234792,78.85872505,1
2019,2,22,10.56,5.92,0.01,187.38,79,-213.3544304,0.250073239,2500.732392,1
2019,2,23,10.67,6.23,0.03,186.88,79,-213.3544304,0.250219743,834.0658115,1
2019,2,24,11.83,5.74,0,149.62,79,0,0,0,0
2019,2,25,14.58,5.37,0,115.81,79,0,0,0,0
2019,2,26,12.02,6.04,1.45,203.25,79,-213.3544304,0.260710052,17.98000356,0
2019,2,27,11.62,7.51,12.34,249.88,79,-213.3544304,0.34741477,2.815354703,0
2019,2,28,10.19,6.84,32.68,264.81,79,-213.3544304,0.54600689,1.670767718,0
2019,3,1,9.49,5.55,2.07,279.25,79,-213.3544304,0.265345742,12.81863489,0
2019,3,2,10,6.9,2.84,227.06,79,-213.3544304,0.27115065,9.547558086,0
2019,3,3,11.05,5.92,0.09,188.56,79,-213.3544304,0.250659462,278.5105136,1
2019,3,4,11.86,6.84,1.47,209.75,79,-213.3544304,0.26085906,17.74551427,0
2019,3,5,11.29,6.96,0.74,82.31,79,-213.3544304,0.255442984,34.51932217,0
2019,3,6,12.29,6.47,0,211.75,79,0,0,0,0
2019,3,7,12.13,7.2,0,257.75,79,0,0,0,0
2019,3,8,12.23,6.23,0,251.38,79,0,0,0,0
2019,3,9,11.69,5.07,0,161.75,79,0,0,0,0
2019,3,10,12.24,5.86,0,223.69,79,0,0,0,0
2019,3,11,13.23,6.96,0,233.56,79,0,0,0,0
2019,3,12,14.95,6.35,0,152.75,79,0,0,0,0
2019,3,13,15.56,6.77,0.3,195.69,79,-213.3544304,0.252200917,84.06697226,1
2019,3,14,10.95,7.32,8.13,245.38,79,-213.3544304,0.312517862,3.844008139,0
2019,3,15,13.31,7.02,0.09,209.88,79,-213.3544304,0.250659462,278.5105136,1
2019,3,16,11.31,7.2,21.83,231.06,79,-213.3544304,0.433317771,1.984964596,0
2019,3,17,12.51,7.32,7.72,266.56,79,-213.3544304,0.309215698,4.005384687,0
2019,3,18,13.52,7.32,0,217.69,79,0,0,0,0
2019,3,19,15.02,7.02,0,188.88,79,0,0,0,0
2019,3,20,15.29,7.57,0,151.75,79,0,0,0,0
2019,3,21,15.19,7.14,0.01,193.75,79,-213.3544304,0.250073239,2500.732392,1
2019,3,22,15.55,8,0.04,212.88,79,-213.3544304,0.250293008,625.7325211,1
2019,3,23,15.83,7.93,0,160.12,79,0,0,0,0
2019,3,24,14.75,7.75,0.12,219.69,79,-213.3544304,0.250879438,209.066198,1
2019,3,25,11.22,6.77,4.69,284.44,79,-213.3544304,0.285317639,6.083531739,0
2019,3,26,12.27,6.23,0,235.06,79,0,0,0,0
2019,3,27,12.89,7.2,0.69,238.94,79,-213.3544304,0.255073722,36.9672061,0
2019,3,28,14.4,7.75,0.13,212.38,79,-213.3544304,0.25095278,193.0406,1
2019,3,29,15.83,7.57,2.41,176.25,79,-213.3544304,0.267902398,11.11628208,0
2019,3,30,14.52,8.24,8.62,225.25,79,-213.3544304,0.316486267,3.671534414,0
2019,3,31,11.67,7.63,6.25,232,79,-213.3544304,0.297511595,4.760185524,0
2019,4,1,11.71,7.51,6.53,232.69,79,-213.3544304,0.299724787,4.589966108,0
2019,4,2,13.05,7.08,0.76,200.12,79,-213.3544304,0.25559075,33.6303618,0
2019,4,3,14.46,6.71,0,177.88,79,0,0,0,0
2019,4,4,16.12,7.75,0.28,218.25,79,-213.3544304,0.252053948,90.0192671,1
2019,4,5,15.7,8.18,0.42,293.62,79,-213.3544304,0.253083455,60.25796551,1
2019,4,6,16.98,7.63,0.07,143.44,79,-213.3544304,0.250512855,357.8755071,1
2019,4,7,20.4,8.12,0.01,175.38,79,-213.3544304,0.250073239,2500.732392,1
2019,4,8,19.37,8.61,0.04,215.19,79,-213.3544304,0.250293008,625.7325211,1
2019,4,9,18.12,8.36,0.26,212.06,79,-213.3544304,0.251907014,96.88731289,1
2019,4,10,15.55,7.51,0.01,268.12,79,-213.3544304,0.250073239,2500.732392,1
2019,4,11,14.93,6.9,0.29,213.5,79,-213.3544304,0.252127428,86.94049242,1
2019,4,12,16.55,7.08,0,138.31,79,0,0,0,0
2019,4,13,21.06,6.47,0,114.69,79,0,0,0,0
2019,4,14,17.98,8.3,0,213.56,79,0,0,0,0
2019,4,15,16.5,8,1.77,216.69,79,-213.3544304,0.263098417,14.86431733,0
2019,4,16,16.04,8.18,1.1,212.5,79,-213.3544304,0.258108098,23.46437255,0
2019,4,17,14.92,7.93,0.2,254,79,-213.3544304,0.251466417,125.7332086,1
2019,4,18,14.94,7.08,0.03,259.5,79,-213.3544304,0.250219743,834.0658115,1
2019,4,19,13.51,6.96,5.05,248.5,79,-213.3544304,0.288111241,5.705173098,0
2019,4,20,13.7,7.14,1.92,243.5,79,-213.3544304,0.264221081,13.76151463,0
2019,4,21,11.84,6.35,7.84,268.19,79,-213.3544304,0.310180464,3.956383465,0
2019,4,22,12.4,6.23,0.83,267.69,79,-213.3544304,0.256108203,30.85641005,0
2019,4,23,15.1,6.59,0,219.12,79,0,0,0,0
2019,4,24,17.31,6.84,0,147.12,79,0,0,0,0
2019,4,25,19.03,6.71,0,146.56,79,0,0,0,0
2019,4,26,20.55,7.45,0,109.81,79,0,0,0,0
2019,4,27,20.9,6.9,0,177.81,79,0,0,0,0
2019,4,28,20.88,7.63,0,195.88,79,0,0,0,0
2019,4,29,23.51,8,0,195,79,0,0,0,0
2019,4,30,23.05,8.3,0,193.88,79,0,0,0,0
2019,5,1,25.14,8,0,138.31,79,0,0,0,0
2019,5,2,23.67,8.91,0.01,206,79,-213.3544304,0.250073239,2500.732392,1
2019,5,3,20.77,8.3,0.01,271.31,79,-213.3544304,0.250073239,2500.732392,1
2019,5,4,19.33,8.36,0,245.94,79,0,0,0,0
2019,5,5,23.14,7.08,0,129.31,79,0,0,0,0
2019,5,6,25.8,7.14,0,187.88,79,0,0,0,0
2019,5,7,19.3,9.09,0,269.5,79,0,0,0,0
2019,5,8,17.96,7.93,0,287.75,79,0,0,0,0
2019,5,9,16.91,7.63,0,250.12,79,0,0,0,0
2019,5,10,17.61,7.63,0,256.5,79,0,0,0,0
2019,5,11,20.26,7.08,0,186.69,79,0,0,0,0
2019,5,12,23.9,7.45,0,172.69,79,0,0,0,0
2019,5,13,24.63,7.75,0,207.38,79,0,0,0,0
2019,5,14,27.05,7.75,0,173,79,0,0,0,0
2019,5,15,27.89,8.91,0,173.38,79,0,0,0,0
2019,5,16,26.66,9.89,0,215.62,79,0,0,0,0
2019,5,17,26.52,8.12,0,197.94,79,0,0,0,0
2019,5,18,23.43,7.93,0,269,79,0,0,0,0
2019,5,19,22.81,7.51,0,289.38,79,0,0,0,0
2019,5,20,23.86,8.73,0,192.44,79,0,0,0,0
2019,5,21,27.26,8.48,0,195.69,79,0,0,0,0
2019,5,22,29.42,8.18,0,174.06,79,0,0,0,0
2019,5,23,31.28,7.87,0,143.62,79,0,0,0,0
2019,5,24,30.25,8.42,0,205.12,79,0,0,0,0
2019,5,25,25.35,10.86,0,278.19,79,0,0,0,0
2019,5,26,23.45,8.06,0,293.12,79,0,0,0,0
2019,5,27,24.08,8.48,0,223.56,79,0,0,0,0
2019,5,28,27.12,9.58,0,210.5,79,0,0,0,0
2019,5,29,29.57,9.16,0,179.69,79,0,0,0,0
2019,5,30,31.29,7.45,0,175.5,79,0,0,0,0
2019,5,31,31.05,8.61,0,186.62,79,0,0,0,0
2019,6,1,28.58,10.31,0,274.62,79,0,0,0,0
2019,6,2,27.38,10.56,0,264.5,79,0,0,0,0
2019,6,3,28.89,10.01,0,249,79,0,0,0,0
2019,6,4,28.98,10.19,4.55,247.56,79,-213.3544304,0.284234507,6.246912244,0
2019,6,5,30.24,9.58,0,168.19,79,0,0,0,0
2019,6,6,29.69,9.7,0.16,218.19,79,-213.3544304,0.251172859,156.9830366,1
2019,6,7,29.67,11.41,0.02,202.06,79,-213.3544304,0.250146487,1250.732435,1
2019,6,8,26.77,12.21,0.01,277.88,79,-213.3544304,0.250073239,2500.732392,1
2019,6,9,26.3,11.47,0,266.25,79,0,0,0,0
2019,6,10,27.5,7.87,0,206.38,79,0,0,0,0
2019,6,11,29.76,7.02,0,195.88,79,0,0,0,0
2019,6,12,27.68,10.13,0,263.56,79,0,0,0,0
2019,6,13,25.54,12.02,0,267.69,79,0,0,0,0
2019,6,14,25.85,11.29,0,274.19,79,0,0,0,0
2019,6,15,26.51,11.05,0,267.12,79,0,0,0,0
2019,6,16,28.24,10.86,0,251.38,79,0,0,0,0
2019,6,17,27.33,11.23,0,257.94,79,0,0,0,0
2019,6,18,26.69,11.84,0.01,255.31,79,-213.3544304,0.250073239,2500.732392,1
2019,6,19,27.21,11.35,0,251.19,79,0,0,0,0
2019,6,20,26.84,10.8,0,254.94,79,0,0,0,0
2019,6,21,26.73,11.17,0,241.19,79,0,0,0,0
2019,6,22,26.9,11.9,0,266.94,79,0,0,0,0
2019,6,23,27.69,12.15,0,247.31,79,0,0,0,0
2019,6,24,29.4,11.41,0,236.25,79,0,0,0,0
2019,6,25,30.87,11.54,0,233.62,79,0,0,0,0
2019,6,26,30.44,13.55,0,272.5,79,0,0,0,0
2019,6,27,28.63,10.44,0,270.56,79,0,0,0,0
2019,6,28,27.19,12.21,0,255.44,79,0,0,0,0
2019,6,29,28.41,13.49,0,267.19,79,0,0,0,0
2019,6,30,28.78,13.61,0,269.31,79,0,0,0,0
2019,7,1,28.77,11.72,0,267.69,79,0,0,0,0
2019,7,2,27.26,9.46,0,302.12,79,0,0,0,0
2019,7,3,27.87,11.05,0,270.5,79,0,0,0,0
2019,7,4,28.08,11.05,0,276.81,79,0,0,0,0
2019,7,5,27.73,12.21,0,283.88,79,0,0,0,0
2019,7,6,28.69,12.45,0,267.62,79,0,0,0,0
2019,7,7,28.76,12.45,0,245.5,79,0,0,0,0
2019,7,8,28.76,12.15,0,258.12,79,0,0,0,0
2019,7,9,28.76,11.9,0,264.69,79,0,0,0,0
2019,7,10,28.96,12.15,0,248.12,79,0,0,0,0
2019,7,11,29.66,11.35,0,248.69,79,0,0,0,0
2019,7,12,29.7,11.35,0,246.69,79,0,0,0,0
2019,7,13,27.65,12.02,0,256.44,79,0,0,0,0
2019,7,14,27.95,10.99,0,253.06,79,0,0,0,0
2019,7,15,27.38,11.96,0,270.62,79,0,0,0,0
2019,7,16,28.74,10.93,0,270.06,79,0,0,0,0
2019,7,17,31.89,9.83,0,216.19,79,0,0,0,0
2019,7,18,28.89,13.61,0,263.75,79,0,0,0,0
2019,7,19,28.13,12.33,0,278.25,79,0,0,0,0
2019,7,20,27.55,12.57,0,283.94,79,0,0,0,0
2019,7,21,27.91,13.67,0,280.81,79,0,0,0,0
2019,7,22,29.12,13.24,0,282.56,79,0,0,0,0
2019,7,23,29.39,11.41,0,270.06,79,0,0,0,0
2019,7,24,29.27,10.86,0,274.69,79,0,0,0,0
2019,7,25,29.15,10.01,0,226.25,79,0,0,0,0
2019,7,26,28.15,11.54,0,273.06,79,0,0,0,0
2019,7,27,28.55,13.37,0,279.44,79,0,0,0,0
2019,7,28,28.69,12.76,0,272.88,79,0,0,0,0
2019,7,29,28.85,12.02,0,249.25,79,0,0,0,0
2019,7,30,30.48,10.56,0,255.06,79,0,0,0,0
2019,7,31,30.58,11.11,0,253.06,79,0,0,0,0
2019,8,1,28.89,13.61,0,278.81,79,0,0,0,0
2019,8,2,27.89,13.61,0,267.62,79,0,0,0,0
2019,8,3,28.24,13.43,0,271.5,79,0,0,0,0
2019,8,4,29.27,13.43,0,244.75,79,0,0,0,0
2019,8,5,29.57,14.53,0,249.75,79,0,0,0,0
2019,8,6,28.67,12.82,0,262.38,79,0,0,0,0
2019,8,7,28.15,12.51,0,260.69,79,0,0,0,0
2019,8,8,28.1,13.49,0,274.56,79,0,0,0,0
2019,8,9,27.95,12.88,0,268.06,79,0,0,0,0
2019,8,10,28.15,13,0,259.44,79,0,0,0,0
2019,8,11,28.22,13.24,0,266.38,79,0,0,0,0
2019,8,12,29.12,13.06,0,268.75,79,0,0,0,0
2019,8,13,30.17,11.05,0,276.19,79,0,0,0,0
2019,8,14,29.43,11.9,0,267,79,0,0,0,0
2019,8,15,29.28,10.31,0,236.94,79,0,0,0,0
2019,8,16,30.75,7.87,0,231.94,79,0,0,0,0
2019,8,17,28.44,14.1,0,258.88,79,0,0,0,0
2019,8,18,28.48,13.37,0,264.88,79,0,0,0,0
2019,8,19,28.4,11.96,0,257.25,79,0,0,0,0
2019,8,20,27.73,12.08,0,274.25,79,0,0,0,0
2019,8,21,28.23,12.63,0,307.88,79,0,0,0,0
2019,8,22,28.8,12.02,0,229.06,79,0,0,0,0
2019,8,23,29.72,11.9,0,249.12,79,0,0,0,0
2019,8,24,29.89,14.34,0,289.69,79,0,0,0,0
2019,8,25,29.48,13.55,0,283.88,79,0,0,0,0
2019,8,26,29.54,11.6,0,278.5,79,0,0,0,0
2019,8,27,29.13,13,0,255.12,79,0,0,0,0
2019,8,28,28.88,14.53,0,283.44,79,0,0,0,0
2019,8,29,29.1,14.4,0,280,79,0,0,0,0
2019,8,30,28.97,13.79,0,285.06,79,0,0,0,0
2019,8,31,29.37,13.98,0,269.31,79,0,0,0,0
2019,9,1,29.39,13.24,0,270.69,79,0,0,0,0
2019,9,2,28.82,13.12,0,293.44,79,0,0,0,0
2019,9,3,27.58,13.12,0,275.5,79,0,0,0,0
2019,9,4,27.21,12.51,0,277.56,79,0,0,0,0
2019,9,5,27.62,13.06,0,262.81,79,0,0,0,0
2019,9,6,27.61,12.21,0,275.88,79,0,0,0,0
2019,9,7,26.8,12.7,0,261.25,79,0,0,0,0
2019,9,8,27.62,13.98,0,278.56,79,0,0,0,0
2019,9,9,27.94,13.49,0,278.81,79,0,0,0,0
2019,9,10,27.66,13.06,0,278.69,79,0,0,0,0
2019,9,11,26.99,13.31,0,288.12,79,0,0,0,0
2019,9,12,26.5,13.12,0,286.5,79,0,0,0,0
2019,9,13,27.28,13.37,0,295,79,0,0,0,0
2019,9,14,26.91,13.37,0,281.06,79,0,0,0,0
2019,9,15,26.37,12.63,0,262.62,79,0,0,0,0
2019,9,16,26.84,12.45,0,260.44,79,0,0,0,0
2019,9,17,27.01,10.8,0,288.06,79,0,0,0,0
2019,9,18,28.57,10.01,0,174.75,79,0,0,0,0
2019,9,19,29.7,11.84,0,204.38,79,0,0,0,0
2019,9,20,27.58,11.96,0,293.44,79,0,0,0,0
2019,9,21,25.95,11.11,0,288.62,79,0,0,0,0
2019,9,22,25.89,11.17,0,230.38,79,0,0,0,0
2019,9,23,25.19,9.52,0,244.25,79,0,0,0,0
2019,9,24,25.44,9.89,0,244.19,79,0,0,0,0
2019,9,25,24.93,10.44,0,260.12,79,0,0,0,0
2019,9,26,25.77,10.8,0,257.81,79,0,0,0,0
2019,9,27,27.33,10.68,0,203.5,79,0,0,0,0
2019,9,28,25.69,12.63,0,295.69,79,0,0,0,0
2019,9,29,25.37,12.94,0,280.75,79,0,0,0,0
2019,9,30,25.92,12.21,0,241.75,79,0,0,0,0
2019,10,1,25.46,11.72,0,263.06,79,0,0,0,0
2019,10,2,25.33,11.84,0,272,79,0,0,0,0
2019,10,3,24.51,10.44,0,244,79,0,0,0,0
2019,10,4,24.23,9.16,0,195.12,79,0,0,0,0
2019,10,5,24.7,9.64,0.06,192.19,79,-213.3544304,0.250439564,417.3992736,1
2019,10,6,23.65,11.17,0,230.56,79,0,0,0,0
2019,10,7,24.8,10.99,0,222.88,79,0,0,0,0
2019,10,8,26.12,9.64,0,196.75,79,0,0,0,0
2019,10,9,25.96,10.99,0,240.69,79,0,0,0,0
2019,10,10,25.74,10.31,0,221.44,79,0,0,0,0
2019,10,11,24.72,12.08,0,277.56,79,0,0,0,0
2019,10,12,25.13,11.72,0,247.25,79,0,0,0,0
2019,10,13,26.67,6.77,0,88,79,0,0,0,0
2019,10,14,30.19,7.02,0.04,131.75,79,-213.3544304,0.250293008,625.7325211,1
2019,10,15,29.3,8.18,1.66,147.19,79,-213.3544304,0.262276396,15.7997829,0
2019,10,16,28.21,11.29,1.31,186.5,79,-213.3544304,0.25966798,19.82198319,0
2019,10,17,26.59,11.66,0.03,213.44,79,-213.3544304,0.250219743,834.0658115,1
2019,10,18,24.23,11.72,0,281.19,79,0,0,0,0
2019,10,19,23.62,11.17,0,289.88,79,0,0,0,0
2019,10,20,23.36,11.54,0.01,252,79,-213.3544304,0.250073239,2500.732392,1
2019,10,21,22.94,11.23,0.01,192.69,79,-213.3544304,0.250073239,2500.732392,1
2019,10,22,23.03,7.63,0.01,146.19,79,-213.3544304,0.250073239,2500.732392,1
2019,10,23,24.43,7.51,0.44,173.88,79,-213.3544304,0.253230666,57.55242405,1
2019,10,24,22.37,9.89,0.29,206.94,79,-213.3544304,0.252127428,86.94049242,1
2019,10,25,22.01,8.91,0.17,174.25,79,-213.3544304,0.251246235,147.7919031,1
2019,10,26,22.26,8.18,1.16,153.25,79,-213.3544304,0.258553384,22.28908484,0
2019,10,27,22.58,9.16,1.9,207.12,79,-213.3544304,0.264071277,13.89848826,0
2019,10,28,21.26,11.11,1.72,223.38,79,-213.3544304,0.262724638,15.27468828,0
2019,10,29,20.26,10.31,1.72,245.88,79,-213.3544304,0.262724638,15.27468828,0
2019,10,30,19.82,9.22,0,149.56,79,0,0,0,0
2019,10,31,20.38,8.12,0,203.69,79,0,0,0,0
2019,11,1,20.18,9.89,0,203.81,79,0,0,0,0
2019,11,2,20.27,10.31,0.07,221.56,79,-213.3544304,0.250512855,357.8755071,1
2019,11,3,20.41,8.54,0,167.69,79,0,0,0,0
2019,11,4,21.98,6.35,0,122.25,79,0,0,0,0
2019,11,5,22.8,5.43,0,111.69,79,0,0,0,0
2019,11,6,24.06,5.92,0,90.81,79,0,0,0,0
2019,11,7,23.86,6.04,0,96.56,79,0,0,0,0
2019,11,8,24.22,5.92,0,119.31,79,0,0,0,0
2019,11,9,23.52,5.31,0,127.75,79,0,0,0,0
2019,11,10,24.39,4.27,0,110.5,79,0,0,0,0
2019,11,11,23.49,3.05,0,93.44,79,0,0,0,0
2019,11,12,22.47,5.37,0,101.38,79,0,0,0,0
2019,11,13,24.62,8.18,0,113.31,79,0,0,0,0
2019,11,14,24.83,8.3,0.13,155.75,79,-213.3544304,0.25095278,193.0406,1
2019,11,15,22.4,9.46,12.59,201.75,79,-213.3544304,0.349545494,2.77637406,0
2019,11,16,19.12,9.83,5.56,127.88,79,-213.3544304,0.292089697,5.253411822,0
2019,11,17,16.6,4.33,0,75.5,79,0,0,0,0
2019,11,18,13.85,3.3,0,89.12,79,0,0,0,0
2019,11,19,12.81,3.3,0,105.25,79,0,0,0,0
2019,11,20,13.05,3.23,0,120.25,79,0,0,0,0
2019,11,21,14.13,3.17,0,124.81,79,0,0,0,0
2019,11,22,14.96,3.91,0,187.56,79,0,0,0,0
2019,11,23,14.45,5.74,0,190.5,79,0,0,0,0
2019,11,24,14.14,4.52,0,117.19,79,0,0,0,0
2019,11,25,15.4,4.21,0,115.5,79,0,0,0,0
2019,11,26,17.69,5.13,0,164,79,0,0,0,0
2019,11,27,17.11,6.53,0,218.44,79,0,0,0,0
2019,11,28,15.73,7.02,0,193.25,79,0,0,0,0
2019,11,29,16.41,7.26,0,156.19,79,0,0,0,0
2019,11,30,16.14,5.07,0,105.88,79,0,0,0,0
2019,12,1,15.85,6.53,0.16,202.81,79,-213.3544304,0.251172859,156.9830366,1
2019,12,2,15.06,7.93,6.71,271.12,79,-213.3544304,0.301151544,4.48810051,0
2019,12,3,13.33,6.47,0,155,79,0,0,0,0
2019,12,4,14.49,6.35,0,200.88,79,0,0,0,0
2019,12,5,14.31,8.06,1.52,211.38,79,-213.3544304,0.261231734,17.18629832,0
2019,12,6,13.81,7.02,0.22,317.25,79,-213.3544304,0.251613248,114.3696583,1
2019,12,7,12.39,6.35,0.02,221.94,79,-213.3544304,0.250146487,1250.732435,1
2019,12,8,12.28,7.63,5.38,186.25,79,-213.3544304,0.290682733,5.403024782,0
2019,12,9,13.99,8.42,8.59,222.19,79,-213.3544304,0.316242613,3.681520529,0
2019,12,10,14.66,8.24,3.2,188.75,79,-213.3544304,0.273882943,8.55884198,0
2019,12,11,14.95,6.96,0,128.31,79,0,0,0,0
2019,12,12,14.51,6.96,5.35,194,79,-213.3544304,0.290448537,5.428944619,0
2019,12,13,13.31,7.69,2.67,206.44,79,-213.3544304,0.26986447,10.10728352,0
2019,12,14,12.72,6.16,0.08,188.69,79,-213.3544304,0.250586154,313.2326929,1
2019,12,15,12.85,4.94,0,149.94,79,0,0,0,0
2019,12,16,12.09,5.31,0,88.69,79,0,0,0,0
2019,12,17,12.27,6.1,0,190.81,79,0,0,0,0
2019,12,18,12.46,5.62,0,78.81,79,0,0,0,0
2019,12,19,12.26,4.03,0,122.56,79,0,0,0,0
2019,12,20,12.26,3.66,0,123.12,79,0,0,0,0
2019,12,21,11.87,3.42,0,123.75,79,0,0,0,0
2019,12,22,11.61,3.36,0,133.44,79,0,0,0,0
2019,12,23,12.3,4.46,0,171.69,79,0,0,0,0
2019,12,24,12.12,5.31,0,202.5,79,0,0,0,0
2019,12,25,12.17,6.65,20.1,206.56,79,-213.3544304,0.416850901,2.073885078,0
2019,12,26,12.84,7.45,20.86,225.75,79,-213.3544304,0.424038067,2.032780761,0
2019,12,27,11,7.75,37.72,234.19,79,-213.3544304,0.604608477,1.602885677,0
2019,12,28,10.04,6.96,6.1,188.69,79,-213.3544304,0.296329055,4.857853353,0
2019,12,29,10.91,5.55,0.67,178.25,79,-213.3544304,0.254926078,38.04866838,0
2019,12,30,11.2,5.62,0.32,191.5,79,-213.3544304,0.25234792,78.85872505,1
2019,12,31,9.42,6.04,0,189.38,79,0,0,0,0
2020,1,1,10.83,6.77,0.6,187.69,79,-213.3544304,0.254409598,42.40159961,1
2020,1,2,10.85,6.41,1.83,184.75,79,-213.3544304,0.263547243,14.40148869,0
2020,1,3,9.31,5.86,0.14,196,79,-213.3544304,0.251026131,179.3043792,1
2020,1,4,8.7,6.47,8.62,205.38,79,-213.3544304,0.316486267,3.671534414,0
2020,1,5,11.28,7.26,11.41,234.12,79,-213.3544304,0.3395472,2.975873799,0
2020,1,6,10.29,5.31,0.19,171.31,79,-213.3544304,0.251393015,132.312113,1
2020,1,7,10.1,5.55,2.19,205.38,79,-213.3544304,0.266246913,12.1573933,0
2020,1,8,9.69,6.77,28.14,215.31,79,-213.3544304,0.4967667,1.765340084,0
2020,1,9,10.16,7.2,12.41,234.56,79,-213.3544304,0.348010695,2.804276346,0
2020,1,10,8.87,6.23,2.97,187.56,79,-213.3544304,0.272135958,9.162826874,0
2020,1,11,9.4,5.8,0,177.31,79,0,0,0,0
2020,1,12,10.8,6.65,0.85,202.06,79,-213.3544304,0.256256126,30.14777949,0
2020,1,13,11.69,7.32,2.01,258.75,79,-213.3544304,0.264895638,13.17888745,0
2020,1,14,11.18,5.98,0.5,104.06,79,-213.3544304,0.253672505,50.7345011,1
2020,1,15,12.76,5.49,0.01,102.56,79,-213.3544304,0.250073239,2500.732392,1
2020,1,16,12.81,5.25,1.61,99.25,79,-213.3544304,0.261903104,16.26727355,0
2020,1,17,11.61,6.47,4.32,181.69,79,-213.3544304,0.282459034,6.538403573,0
2020,1,18,11.32,7.32,3.88,262.75,79,-213.3544304,0.279076121,7.192683525,0
2020,1,19,10.38,7.39,17.35,218.12,79,-213.3544304,0.391440023,2.25613846,0
2020,1,20,10.14,7.08,13.08,257.5,79,-213.3544304,0.353741322,2.704444356,0
2020,1,21,7.46,5.92,9.23,295.56,79,-213.3544304,0.321460184,3.482775559,0
2020,1,22,7.24,5.07,2.82,205.12,79,-213.3544304,0.270999199,9.60990068,0
2020,1,23,8.62,5.8,0.44,205.38,79,-213.3544304,0.253230666,57.55242405,1
2020,1,24,9.17,5.43,8.53,297.5,79,-213.3544304,0.315755578,3.701706657,0
2020,1,25,7.95,3.66,0,156.38,79,0,0,0,0
2020,1,26,7.53,4.27,0,208.69,79,0,0,0,0
2020,1,27,8.12,5.07,0.21,79,79,-213.3544304,0.251539828,119.7808707,1
2020,1,28,10.09,5.74,1.21,200.56,79,-213.3544304,0.258924697,21.39873527,0
2020,1,29,11.43,7.02,3.14,260.25,79,-213.3544304,0.273426746,8.707858142,0
2020,1,30,10.91,6.96,0.11,211.81,79,-213.3544304,0.250806104,228.005549,1
2020,1,31,9.53,6.1,5.54,250.38,79,-213.3544304,0.291933217,5.269552645,0
2020,2,1,9.45,6.59,3.19,267.94,79,-213.3544304,0.273806888,8.583288016,0
2020,2,2,12.56,7.51,1.57,183.62,79,-213.3544304,0.261604629,16.66271525,0
2020,2,3,11.69,6.35,0,207.56,79,0,0,0,0
2020,2,4,11.94,7.2,0,239.19,79,0,0,0,0
2020,2,5,12.9,7.08,0,156.25,79,0,0,0,0
2020,2,6,13.34,6.71,0,196.94,79,0,0,0,0
2020,2,7,11.05,6.96,7.93,243.06,79,-213.3544304,0.310904972,3.920617549,0
2020,2,8,9.83,5.92,7.13,265.06,79,-213.3544304,0.304492858,4.270587063,0
2020,2,9,6.01,4.58,1.07,280.25,79,-213.3544304,0.257885573,24.10145543,0
2020,2,10,4.83,3.91,0.14,187.56,79,-213.3544304,0.251026131,179.3043792,1
2020,2,11,6.87,4.88,1.76,174.69,79,-213.3544304,0.263023643,14.94452519,0
2020,2,12,11.89,7.57,3.28,207.38,79,-213.3544304,0.274491716,8.368649866,0
2020,2,13,12.9,6.96,0,184,79,0,0,0,0
2020,2,14,12.98,6.96,0,84.25,79,0,0,0,0
2020,2,15,15.34,6.1,0,149.56,79,0,0,0,0
2020,2,16,12.18,5.98,0,114.75,79,0,0,0,0
2020,2,17,11.33,6.23,0,145.31,79,0,0,0,0
2020,2,18,13.76,6.41,0.68,102.38,79,-213.3544304,0.254999896,37.49998467,0
2020,2,19,11.79,7.69,5.48,220.81,79,-213.3544304,0.291464001,5.318686158,0
2020,2,20,12.01,7.26,0.58,264.38,79,-213.3544304,0.25426211,43.83829481,1
2020,2,21,11.77,6.59,2.56,197.69,79,-213.3544304,0.269033622,10.50912586,0
2020,2,22,12.37,7.26,5.2,226.75,79,-213.3544304,0.28927883,5.563054423,0
2020,2,23,11.56,6.96,0,223.62,79,0,0,0,0
2020,2,24,11.94,6.84,0.02,237.75,79,-213.3544304,0.250146487,1250.732435,1
2020,2,25,12.02,7.69,0.69,297.81,79,-213.3544304,0.255073722,36.9672061,0
2020,2,26,12.85,7.63,0.09,256.19,79,-213.3544304,0.250659462,278.5105136,1
2020,2,27,13.92,7.2,0,162.19,79,0,0,0,0
2020,2,28,16.05,7.08,0,200.69,79,0,0,0,0
2020,2,29,12.71,7.26,7.18,228.5,79,-213.3544304,0.304891776,4.246403571,0
2020,3,1,12.36,6.71,2.87,270.19,79,-213.3544304,0.271377893,9.455675716,0
2020,3,2,12.65,6.96,0,256.06,79,0,0,0,0
2020,3,3,13.18,6.47,0,111.94,79,0,0,0,0
2020,3,4,16.48,6.23,0,115.94,79,0,0,0,0
2020,3,5,16.77,6.41,0.01,198.25,79,-213.3544304,0.250073239,2500.732392,1
2020,3,6,13.16,7.39,4.67,234.19,79,-213.3544304,0.285162794,6.106269671,0
2020,3,7,13.83,7.93,0.81,279.12,79,-213.3544304,0.255960316,31.60003901,0
2020,3,8,16.54,7.69,0,136.19,79,0,0,0,0
2020,3,9,17.59,7.63,0,132.56,79,0,0,0,0
2020,3,10,15.38,8.12,0,276.75,79,0,0,0,0
2020,3,11,16.88,8.42,0,156.19,79,0,0,0,0
2020,3,12,19.58,9.7,9.64,118.75,79,-213.3544304,0.324824483,3.369548583,0
2020,3,13,15.32,8.42,12.03,158.38,79,-213.3544304,0.344781999,2.866018275,0
2020,3,14,14.96,9.16,7.34,275.81,79,-213.3544304,0.306169958,4.171252832,0
2020,3,15,16.55,8.97,0,204.38,79,0,0,0,0
2020,3,16,16.63,8.73,0,221.19,79,0,0,0,0
2020,3,17,13.62,8.18,14.9,230.25,79,-213.3544304,0.369556915,2.480247753,0
2020,3,18,11.23,6.71,10.46,260.38,79,-213.3544304,0.331604736,3.170217359,0
2020,3,19,11.65,6.71,3.45,245,79,-213.3544304,0.275787291,7.993834509,0
2020,3,20,10.05,6.1,9.58,239.75,79,-213.3544304,0.324331077,3.38550185,0
2020,3,21,9,6.1,1.62,287.06,79,-213.3544304,0.261977745,16.17146573,0
2020,3,22,11.81,6.41,0.01,261.94,79,-213.3544304,0.250073239,2500.732392,1
2020,3,23,15.36,6.16,0,149.44,79,0,0,0,0
2020,3,24,15.73,8.24,0,234.44,79,0,0,0,0
2020,3,25,14.86,7.63,0.03,268.69,79,-213.3544304,0.250219743,834.0658115,1
2020,3,26,15.58,7.51,0.65,109.5,79,-213.3544304,0.254778469,39.19668752,0
2020,3,27,18.38,8.48,0.95,245.44,79,-213.3544304,0.25699626,27.05223789,0
2020,3,28,15.47,8.61,0.03,276.88,79,-213.3544304,0.250219743,834.0658115,1
2020,3,29,13.84,7.2,0,241.31,79,0,0,0,0
2020,3,30,16.37,7.14,0.07,176.56,79,-213.3544304,0.250512855,357.8755071,1
2020,3,31,18.23,7.93,0,184.12,79,0,0,0,0
2020,4,1,15,8.85,2.26,238.25,79,-213.3544304,0.266773189,11.80412342,0
2020,4,2,15.16,8.06,0.01,239.69,79,-213.3544304,0.250073239,2500.732392,1
2020,4,3,16.15,7.26,0,193.56,79,0,0,0,0
2020,4,4,19.97,7.51,0,96.5,79,0,0,0,0
2020,4,5,20.45,8.24,0,191.5,79,0,0,0,0
2020,4,6,17.28,9.09,0,296.19,79,0,0,0,0
2020,4,7,15.76,7.93,0,242.31,79,0,0,0,0
2020,4,8,14.97,7.57,0,254.81,79,0,0,0,0
2020,4,9,14.82,7.57,0.04,258.06,79,-213.3544304,0.250293008,625.7325211,1
2020,4,10,13.32,7.93,5.4,246.12,79,-213.3544304,0.290838911,5.385905764,0
2020,4,11,14.35,8.06,2.12,265.56,79,-213.3544304,0.265721074,12.53401294,0
2020,4,12,15.98,7.75,0,265.19,79,0,0,0,0
2020,4,13,16.01,7.14,0,179.56,79,0,0,0,0
2020,4,14,17.37,7.45,0.06,192.62,79,-213.3544304,0.250439564,417.3992736,1
2020,4,15,19.26,8.79,0,237.19,79,0,0,0,0
2020,4,16,19.68,8.54,0.11,216.5,79,-213.3544304,0.250806104,228.005549,1
2020,4,17,16.49,8.85,1.94,272,79,-213.3544304,0.26437092,13.62736702,0
2020,4,18,19.95,8.79,0,185.69,79,0,0,0,0
2020,4,19,21.6,9.03,0,180.06,79,0,0,0,0
2020,4,20,22.88,9.28,0,207.44,79,0,0,0,0
2020,4,21,22.72,9.64,0,240.88,79,0,0,0,0
2020,4,22,23.46,8.42,0,205.44,79,0,0,0,0
2020,4,23,18.91,9.4,0,248.81,79,0,0,0,0
2020,4,24,20.76,9.4,0,195.94,79,0,0,0,0
2020,4,25,17.05,9.16,0.45,266.81,79,-213.3544304,0.253304284,56.28984092,1
2020,4,26,16.55,7.75,0.18,269.81,79,-213.3544304,0.251319621,139.6220115,1
2020,4,27,16.04,7.39,0.17,198.5,79,-213.3544304,0.251246235,147.7919031,1
2020,4,28,17.54,7.26,0.27,214.19,79,-213.3544304,0.251980476,93.32610236,1
2020,4,29,17.8,9.03,0,281.12,79,0,0,0,0
2020,4,30,18.64,8.97,0,262.31,79,0,0,0,0
2020,5,1,19.28,8.48,0,235,79,0,0,0,0
2020,5,2,18.33,8.67,0,237.62,79,0,0,0,0
2020,5,3,19.2,7.75,0,207,79,0,0,0,0
2020,5,4,20.11,8.54,0,220.75,79,0,0,0,0
2020,5,5,18.55,8.79,5.12,223.88,79,-213.3544304,0.288655853,5.637809625,0
2020,5,6,18.03,9.22,0.98,259.88,79,-213.3544304,0.25721847,26.24678269,0
2020,5,7,19.94,8.61,0,225.62,79,0,0,0,0
2020,5,8,23.39,8,0,180.5,79,0,0,0,0
2020,5,9,20.26,9.58,1.4,226.44,79,-213.3544304,0.260337685,18.59554895,0
2020,5,10,19.57,9.03,0,266.56,79,0,0,0,0
2020,5,11,20.68,7.69,0,183.88,79,0,0,0,0
2020,5,12,23.78,7.81,0,164.94,79,0,0,0,0
2020,5,13,25.92,7.81,0,222.19,79,0,0,0,0
2020,5,14,27.19,8.3,0,188.56,79,0,0,0,0
2020,5,15,28.3,8.67,0,144.06,79,0,0,0,0
2020,5,16,29.79,7.63,0,56.19,79,0,0,0,0
2020,5,17,31.61,8.54,0,106.94,79,0,0,0,0
2020,5,18,31.4,7.14,0,55.75,79,0,0,0,0
2020,5,19,31.97,8.12,0,96.75,79,0,0,0,0
2020,5,20,31.06,7.32,0,145.25,79,0,0,0,0
2020,5,21,30.35,6.84,0,184.94,79,0,0,0,0
2020,5,22,27.38,9.09,0,227.06,79,0,0,0,0
2020,5,23,23.05,10.99,0.16,262.25,79,-213.3544304,0.251172859,156.9830366,1
2020,5,24,20.01,7.26,2.21,276.38,79,-213.3544304,0.266397233,12.05417345,0
2020,5,25,20.52,7.93,0,273.31,79,0,0,0,0
2020,5,26,23.27,7.32,0,188.12,79,0,0,0,0
2020,5,27,22.76,9.28,0,264.62,79,0,0,0,0
2020,5,28,21.23,9.58,0,276.69,79,0,0,0,0
2020,5,29,19.8,8.73,0.03,292.81,79,-213.3544304,0.250219743,834.0658115,1
2020,5,30,20.19,8,0,223.44,79,0,0,0,0
2020,5,31,21.15,7.81,0,302.19,79,0,0,0,0
2020,6,1,23.6,8.12,0,288,79,0,0,0,0
2020,6,2,24.55,8.42,0,213.38,79,0,0,0,0
2020,6,3,22.04,9.22,0,263.56,79,0,0,0,0
2020,6,4,23.48,8.24,0,234.75,79,0,0,0,0
2020,6,5,25.5,7.51,0,225.12,79,0,0,0,0
2020,6,6,27.58,8.85,0,217.94,79,0,0,0,0
2020,6,7,27.49,9.52,0,262.62,79,0,0,0,0
2020,6,8,26.43,7.69,0,247.25,79,0,0,0,0
2020,6,9,25.26,9.83,0,269.12,79,0,0,0,0
2020,6,10,25.16,9.52,0,268.5,79,0,0,0,0
2020,6,11,23.95,10.19,0,251.5,79,0,0,0,0
2020,6,12,24.53,8.91,0,259.44,79,0,0,0,0
2020,6,13,27.78,6.71,0,218.31,79,0,0,0,0
2020,6,14,25.37,9.28,0,296.25,79,0,0,0,0
2020,6,15,23.69,10.31,0,300.62,79,0,0,0,0
2020,6,16,25.55,9.89,0,293.62,79,0,0,0,0
2020,6,17,28.26,8.54,0,265.19,79,0,0,0,0
2020,6,18,25.99,10.13,0,256.75,79,0,0,0,0
2020,6,19,24.71,11.54,0,257.88,79,0,0,0,0
2020,6,20,25.71,11.6,0,261.06,79,0,0,0,0
2020,6,21,28.26,9.77,0,229.62,79,0,0,0,0
2020,6,22,27.46,8.36,0,253.62,79,0,0,0,0
2020,6,23,25.8,9.95,0,254.69,79,0,0,0,0
2020,6,24,24.64,10.07,0.02,290.06,79,-213.3544304,0.250146487,1250.732435,1
2020,6,25,25.14,11.11,0.01,294.81,79,-213.3544304,0.250073239,2500.732392,1
2020,6,26,26.66,11.11,0,285.94,79,0,0,0,0
2020,6,27,28.01,11.17,0,272.38,79,0,0,0,0
2020,6,28,27.79,11.17,0,258.25,79,0,0,0,0
2020,6,29,27.72,12.27,0,264.19,79,0,0,0,0
2020,6,30,27.27,12.02,0,268.44,79,0,0,0,0
2020,7,1,27.19,11.96,0,267.44,79,0,0,0,0
2020,7,2,28.4,11.78,0,265.81,79,0,0,0,0
2020,7,3,30.13,10.25,0,249.56,79,0,0,0,0
2020,7,4,28.87,11.78,0,271.25,79,0,0,0,0
2020,7,5,28.45,12.94,0,269.25,79,0,0,0,0
2020,7,6,29.05,14.16,0,264.25,79,0,0,0,0
2020,7,7,28.46,12.08,0,278.56,79,0,0,0,0
2020,7,8,27.8,12.27,0,290.44,79,0,0,0,0
2020,7,9,27.36,12.51,0,286.62,79,0,0,0,0
2020,7,10,27.64,12.27,0,287.69,79,0,0,0,0
2020,7,11,28.26,13.12,0,279,79,0,0,0,0
2020,7,12,28.52,13.43,0,268.88,79,0,0,0,0
2020,7,13,28.31,13.98,0,269.19,79,0,0,0,0
2020,7,14,29.24,12.76,0,246.38,79,0,0,0,0
2020,7,15,29.44,12.88,0,282.38,79,0,0,0,0
2020,7,16,28.5,13.37,0,290.31,79,0,0,0,0
2020,7,17,27.37,11.84,0,280.81,79,0,0,0,0
2020,7,18,27.47,11.72,0,260.69,79,0,0,0,0
2020,7,19,29.38,10.74,0,278.88,79,0,0,0,0
2020,7,20,29.69,12.82,0,276.19,79,0,0,0,0
2020,7,21,28.74,12.45,0,280.62,79,0,0,0,0
2020,7,22,28.68,12.39,0,283.25,79,0,0,0,0
2020,7,23,29.59,13.49,0,288.88,79,0,0,0,0
2020,7,24,29.1,13,0,266.81,79,0,0,0,0
2020,7,25,29.82,12.08,0,267.25,79,0,0,0,0
2020,7,26,30.61,12.02,0,257.94,79,0,0,0,0
2020,7,27,31.2,14.22,0,283.25,79,0,0,0,0
2020,7,28,31.73,13.73,0,257.81,79,0,0,0,0
2020,7,29,31.72,13.67,0,269.38,79,0,0,0,0
2020,7,30,31.38,13.18,0,277.38,79,0,0,0,0
2020,7,31,30.26,12.51,0,273.44,79,0,0,0,0
2020,8,1,30.08,13.06,0,252.38,79,0,0,0,0
2020,8,2,29.44,12.76,0,240.81,79,0,0,0,0
2020,8,3,28.83,12.88,0,258.62,79,0,0,0,0
2020,8,4,28.83,14.1,0,271.12,79,0,0,0,0
2020,8,5,28.19,13.43,0,265.94,79,0,0,0,0
2020,8,6,28.57,13.61,0,262.5,79,0,0,0,0
2020,8,7,29.96,13.67,0,268.81,79,0,0,0,0
2020,8,8,29.42,14.59,0,258.06,79,0,0,0,0
2020,8,9,28.18,13.55,0,263.69,79,0,0,0,0
2020,8,10,27.86,13.55,0.02,269.56,79,-213.3544304,0.250146487,1250.732435,1
2020,8,11,27.76,13.43,0,268.44,79,0,0,0,0
2020,8,12,28.23,14.16,0,277.06,79,0,0,0,0
2020,8,13,29.27,14.04,0,290.75,79,0,0,0,0
2020,8,14,29.29,14.47,0,281.31,79,0,0,0,0
2020,8,15,29.22,13.55,0,275.5,79,0,0,0,0
2020,8,16,28.72,12.15,0,266.44,79,0,0,0,0
2020,8,17,29.09,11.96,0,261.88,79,0,0,0,0
2020,8,18,28.44,13.06,0,258.56,79,0,0,0,0
2020,8,19,28.67,13.06,0,265.69,79,0,0,0,0
2020,8,20,27.99,11.54,0,250.44,79,0,0,0,0
2020,8,21,27.26,12.57,0,257.25,79,0,0,0,0
2020,8,22,28.2,14.53,0,280.06,79,0,0,0,0
2020,8,23,28.94,12.94,0,308.44,79,0,0,0,0
2020,8,24,29.27,11.96,0,255.62,79,0,0,0,0
2020,8,25,28.94,12.45,0,281.19,79,0,0,0,0
2020,8,26,27.97,12.88,0,281.38,79,0,0,0,0
2020,8,27,27.27,13.12,0,277.81,79,0,0,0,0
2020,8,28,28.3,12.27,0,259.94,79,0,0,0,0
2020,8,29,31.74,11.17,0,163.19,79,0,0,0,0
2020,8,30,34.01,8.06,0,190.81,79,0,0,0,0
2020,8,31,33.48,11.84,0,206.5,79,0,0,0,0
2020,9,1,31.16,15.5,0,255.75,79,0,0,0,0
2020,9,2,30.23,14.53,0,278.75,79,0,0,0,0
2020,9,3,34.07,10.99,0,197,79,0,0,0,0
2020,9,4,35.9,8.61,0,236.81,79,0,0,0,0
2020,9,5,32.48,13.37,0,253.69,79,0,0,0,0
2020,9,6,30.65,13.92,0,281.06,79,0,0,0,0
2020,9,7,31.65,13.73,0,241.5,79,0,0,0,0
2020,9,8,31.36,15.81,0,249.5,79,0,0,0,0
2020,9,9,31.95,14.65,0,285.81,79,0,0,0,0
2020,9,10,32.87,10.8,0,166.56,79,0,0,0,0
2020,9,11,31.19,15.93,0.1,272.88,79,-213.3544304,0.250732779,250.7327788,1
2020,9,12,30.51,13,0,294.38,79,0,0,0,0
2020,9,13,28.69,11.96,0,304,79,0,0,0,0
2020,9,14,28.26,11.54,0,300.06,79,0,0,0,0
2020,9,15,29.03,12.21,0,273,79,0,0,0,0
2020,9,16,30.09,14.53,0,288.62,79,0,0,0,0
2020,9,17,30.37,13.18,0,290.19,79,0,0,0,0
2020,9,18,30.01,10.74,0,289.75,79,0,0,0,0
2020,9,19,30.62,9.22,0,210.25,79,0,0,0,0
2020,9,20,30.65,8.18,0,179.69,79,0,0,0,0
2020,9,21,28.16,11.9,0,303.31,79,0,0,0,0
2020,9,22,27.2,12.57,0,305.5,79,0,0,0,0
2020,9,23,27.11,13.43,0,300.19,79,0,0,0,0
2020,9,24,26.54,12.94,0,279.56,79,0,0,0,0
2020,9,25,26.08,12.45,0,257.62,79,0,0,0,0
2020,9,26,26.7,12.76,0,291.06,79,0,0,0,0
2020,9,27,28.47,11.6,0,201.19,79,0,0,0,0
2020,9,28,29.48,9.46,0,241.12,79,0,0,0,0
2020,9,29,29.11,11.96,0,239.25,79,0,0,0,0
2020,9,30,28.49,13.37,0,250.88,79,0,0,0,0
2020,10,1,27.04,13.55,0,262.12,79,0,0,0,0
2020,10,2,25.72,11.96,0,299.69,79,0,0,0,0
2020,10,3,24.71,11.54,0,294.56,79,0,0,0,0
2020,10,4,24.46,12.15,0,291.62,79,0,0,0,0
2020,10,5,25.72,11.17,0,219.81,79,0,0,0,0
2020,10,6,27.55,8.18,0,190.31,79,0,0,0,0
2020,10,7,28.54,6.1,0,188.88,79,0,0,0,0
2020,10,8,30.66,3.97,0,130.19,79,0,0,0,0
2020,10,9,31.09,4.76,0,165.56,79,0,0,0,0
2020,10,10,27.37,8.42,0,213.44,79,0,0,0,0
2020,10,11,25.79,12.57,0,302.69,79,0,0,0,0
2020,10,12,25.23,12.33,0.03,296.56,79,-213.3544304,0.250219743,834.0658115,1
2020,10,13,24.5,11.17,0,302.38,79,0,0,0,0
2020,10,14,24.16,11.72,0,311.44,79,0,0,0,0
2020,10,15,24.46,11.9,0,234.06,79,0,0,0,0
2020,10,16,24.64,12.08,0,292.75,79,0,0,0,0
2020,10,17,24.16,10.86,0,206.12,79,0,0,0,0
2020,10,18,25.73,7.45,0,206.94,79,0,0,0,0
2020,10,19,26.26,7.63,0,209.81,79,0,0,0,0
2020,10,20,26.08,7.08,0,184.25,79,0,0,0,0
2020,10,21,24.39,11.05,0,235.25,79,0,0,0,0
2020,10,22,25.78,9.64,0,158.06,79,0,0,0,0
2020,10,23,26.22,4.21,0,146.06,79,0,0,0,0
2020,10,24,27,3.66,0,133.75,79,0,0,0,0
2020,10,25,24.91,3.97,0,103.31,79,0,0,0,0
2020,10,26,25.53,5.98,0,161.62,79,0,0,0,0
2020,10,27,25.98,8.06,0,210.12,79,0,0,0,0
2020,10,28,25.61,13.18,0,267.31,79,0,0,0,0
2020,10,29,25.41,12.33,0.01,244.62,79,-213.3544304,0.250073239,2500.732392,1
2020,10,30,24.85,12.45,0,262.44,79,0,0,0,0
2020,10,31,24.68,12.45,0.01,287.38,79,-213.3544304,0.250073239,2500.732392,1
2020,11,1,23.25,11.78,0.25,298.56,79,-213.3544304,0.251833559,100.7334237,1
2020,11,2,22.76,10.68,0.98,281.38,79,-213.3544304,0.25721847,26.24678269,0
2020,11,3,21.6,10.25,0.53,203.62,79,-213.3544304,0.253893542,47.90444192,1
2020,11,4,19.9,9.89,11.58,237,79,-213.3544304,0.340978489,2.944546534,0
2020,11,5,19.96,9.64,8.29,265.69,79,-213.3544304,0.313811034,3.785416576,0
2020,11,6,18.8,9.95,1.89,241.5,79,-213.3544304,0.263996388,13.96806288,0
2020,11,7,19.9,9.58,0.08,178.31,79,-213.3544304,0.250586154,313.2326929,1
2020,11,8,22,8.79,1.39,107.88,79,-213.3544304,0.260263238,18.72397398,0
2020,11,9,19.69,8.73,2.42,173.25,79,-213.3544304,0.26797775,11.07346076,0
2020,11,10,19.23,9.7,0.02,192.88,79,-213.3544304,0.250146487,1250.732435,1
2020,11,11,19.35,9.64,0.37,200.38,79,-213.3544304,0.25271558,68.30150802,1
2020,11,12,19.14,9.22,0.65,159.88,79,-213.3544304,0.254778469,39.19668752,0
2020,11,13,21.26,8.06,0,111.75,79,0,0,0,0
2020,11,14,20.2,8.3,0.08,175.81,79,-213.3544304,0.250586154,313.2326929,1
2020,11,15,17.33,9.16,9.26,259.12,79,-213.3544304,0.321705773,3.474144415,0
2020,11,16,17.66,8.48,0.52,218.31,79,-213.3544304,0.253819855,48.8115105,1
2020,11,17,17.34,7.51,0.03,80,79,-213.3544304,0.250219743,834.0658115,1
2020,11,18,17.36,6.29,0,103.81,79,0,0,0,0
2020,11,19,18.13,6.84,0,175.12,79,0,0,0,0
2020,11,20,17.22,8.85,2.45,186.56,79,-213.3544304,0.268203861,10.94709635,0
2020,11,21,15.75,8.97,9.04,216.31,79,-213.3544304,0.319906906,3.538793204,0
2020,11,22,16.55,9.22,0,223.94,79,0,0,0,0
2020,11,23,16.69,8.85,0,157.56,79,0,0,0,0
2020,11,24,17.08,7.08,0,110.88,79,0,0,0,0
2020,11,25,16.73,7.87,4.01,208,79,-213.3544304,0.280073759,6.984383017,0
2020,11,26,15.25,8.79,5.83,270.19,79,-213.3544304,0.294205904,5.046413453,0
2020,11,27,16.13,8.36,0.24,193.31,79,-213.3544304,0.251760114,104.9000473,1
2020,11,28,14.73,7.93,0.41,86.25,79,-213.3544304,0.253009863,61.70972262,1
2020,11,29,15.1,7.75,0,166.5,79,0,0,0,0
2020,11,30,14.71,7.14,0,176.81,79,0,0,0,0
2020,12,1,14.48,5.98,0,147,79,0,0,0,0
2020,12,2,14.69,6.65,0,150.38,79,0,0,0,0
2020,12,3,15.41,7.14,0,102.06,79,0,0,0,0
2020,12,4,15.82,6.9,0,122,79,0,0,0,0
2020,12,5,14.69,7.32,1.17,199.81,79,-213.3544304,0.258627629,22.10492557,0
2020,12,6,14.36,7.81,0.15,196.88,79,-213.3544304,0.25109949,167.3996603,1
2020,12,7,14.99,7.39,0,166.62,79,0,0,0,0
2020,12,8,15.02,7.87,0.09,210.75,79,-213.3544304,0.250659462,278.5105136,1
2020,12,9,15.98,7.93,0.02,253.19,79,-213.3544304,0.250146487,1250.732435,1
2020,12,10,14.79,6.35,0,115.38,79,0,0,0,0
2020,12,11,14.27,5.43,0,168.88,79,0,0,0,0
2020,12,12,16.41,6.04,0,160.69,79,0,0,0,0
2020,12,13,19.08,7.14,0,167.19,79,0,0,0,0
2020,12,14,18.55,7.57,1.05,211.5,79,-213.3544304,0.257737267,24.54640637,0
2020,12,15,14.44,7.75,6.49,205.69,79,-213.3544304,0.299408154,4.613376802,0
2020,12,16,14.9,8.85,11.39,241.69,79,-213.3544304,0.339379014,2.979622603,0
2020,12,17,14.44,8.3,4.94,288,79,-213.3544304,0.287256353,5.814905932,0
2020,12,18,14.19,7.81,0.84,138.62,79,-213.3544304,0.25618216,30.49787621,0
2020,12,19,14.16,6.16,0,150.19,79,0,0,0,0
2020,12,20,14.22,5.74,0,129.94,79,0,0,0,0
2020,12,21,14.87,6.1,0,134.38,79,0,0,0,0
2020,12,22,13.4,7.02,0.03,233.38,79,-213.3544304,0.250219743,834.0658115,1
2020,12,23,14.33,7.81,4.12,262.06,79,-213.3544304,0.280919131,6.818425503,0
2020,12,24,13.73,7.39,11.17,261.81,79,-213.3544304,0.337531752,3.021770385,0
2020,12,25,11.84,5.49,0.05,107.69,79,-213.3544304,0.250366282,500.732564,1
2020,12,26,11.38,3.91,0,100.56,79,0,0,0,0
2020,12,27,11.63,5,0,102.94,79,0,0,0,0
2020,12,28,11.49,5.55,0,105.06,79,0,0,0,0
2020,12,29,11.55,5.92,0,96.75,79,0,0,0,0
2020,12,30,12.28,5.55,0,91.12,79,0,0,0,0
2020,12,31,12.81,6.35,0,104.81,79,0,0,0,0
2021,1,1,13.86,6.96,0,117.31,79,0,0,0,0
2021,1,2,14.28,6.96,0,105.94,79,0,0,0,0
2021,1,3,16.12,7.51,0,95.75,79,0,0,0,0
2021,1,4,16.08,7.26,0,103.12,79,0,0,0,0
2021,1,5,15.72,7.26,0,109.25,79,0,0,0,0
2021,1,6,15.41,6.84,0,109.12,79,0,0,0,0
2021,1,7,15.99,5.74,0,108.19,79,0,0,0,0
2021,1,8,14.19,4.64,0,110.25,79,0,0,0,0
2021,1,9,14.45,4.7,0,113.06,79,0,0,0,0
2021,1,10,15.63,5.8,0,124.19,79,0,0,0,0
2021,1,11,15.95,5.37,0,138.19,79,0,0,0,0
2021,1,12,15.98,4.94,0,129.88,79,0,0,0,0
2021,1,13,14.98,5.8,0.2,172.88,79,-213.3544304,0.251466417,125.7332086,1
2021,1,14,13.63,8.06,15.97,246.31,79,-213.3544304,0.379028781,2.373379968,0
2021,1,15,12.81,7.57,2.91,239.75,79,-213.3544304,0.271681011,9.336117204,0
2021,1,16,11.58,6.41,0.59,185.25,79,-213.3544304,0.254335849,43.10777109,1
2021,1,17,12.87,6.9,15.94,223.56,79,-213.3544304,0.37876143,2.376169571,0
2021,1,18,11.17,6.65,2.53,247.56,79,-213.3544304,0.268807216,10.62479114,0
2021,1,19,10.06,6.71,12.76,231.44,79,-213.3544304,0.35099824,2.750769905,0
2021,1,20,9.36,5.49,7.37,276.44,79,-213.3544304,0.306409896,4.157529114,0
2021,1,21,8.17,4.15,0.74,141.62,79,-213.3544304,0.255442984,34.51932217,0
2021,1,22,7.43,3.11,0,92.5,79,0,0,0,0
2021,1,23,8.63,3.11,0,103.56,79,0,0,0,0
2021,1,24,9.64,3.72,0,157.25,79,0,0,0,0
2021,1,25,10.17,4.7,0,195,79,0,0,0,0
2021,1,26,11.19,5,0,91.56,79,0,0,0,0
2021,1,27,12.23,5.19,0,168.62,79,0,0,0,0
2021,1,28,11.54,6.96,1.58,257.5,79,-213.3544304,0.261679235,16.56197689,0
2021,1,29,8.79,6.1,13.32,232.88,79,-213.3544304,0.355805954,2.671215874,0
2021,1,30,10.19,6.41,6.62,225.06,79,-213.3544304,0.300437774,4.538334958,0
2021,1,31,12.56,6.9,0.67,204.94,79,-213.3544304,0.254926078,38.04866838,0
2021,2,1,14.51,6.29,0,118.88,79,0,0,0,0
2021,2,2,14.98,6.04,0,111.94,79,0,0,0,0
2021,2,3,16.54,6.65,0,129.81,79,0,0,0,0
2021,2,4,14.18,7.39,15.7,79.69,79,-213.3544304,0.376626347,2.398893927,0
2021,2,5,13.51,8,6.43,199.62,79,-213.3544304,0.298933495,4.649043469,0
2021,2,6,13.98,7.39,0,187.25,79,0,0,0,0
2021,2,7,13.48,7.57,0,197.69,79,0,0,0,0
2021,2,8,15.12,6.47,0,155.88,79,0,0,0,0
2021,2,9,17.28,5.68,0,158.56,79,0,0,0,0
2021,2,10,14.96,6.65,0,203,79,0,0,0,0
2021,2,11,13.68,5.55,0,139.44,79,0,0,0,0
2021,2,12,12.54,5.74,0,220.75,79,0,0,0,0
2021,2,13,12.65,6.84,0,195,79,0,0,0,0
2021,2,14,13.56,5.55,0,201.19,79,0,0,0,0
2021,2,15,13.38,7.02,0,255.69,79,0,0,0,0
2021,2,16,13.32,6.96,10.59,204.81,79,-213.3544304,0.332686032,3.141511166,0
2021,2,17,8.48,5.68,43.02,235.56,79,-213.3544304,0.671224401,1.560261277,0
2021,2,18,8.46,5.43,4.2,251.19,79,-213.3544304,0.281534648,6.703205909,0
2021,2,19,9.37,6.9,8.2,247.25,79,-213.3544304,0.313083311,3.818089162,0
2021,2,20,9.05,5.31,0.08,176.81,79,-213.3544304,0.250586154,313.2326929,1
2021,2,21,9.7,4.88,0.42,153.44,79,-213.3544304,0.253083455,60.25796551,1
2021,2,22,11.72,5.31,1.59,86.62,79,-213.3544304,0.261753849,16.46250623,0
2021,2,23,13.33,5.68,0.43,83.38,79,-213.3544304,0.253157056,58.87373399,1
2021,2,24,12.05,5.55,1.19,180.88,79,-213.3544304,0.258776145,21.74589458,0
2021,2,25,12.73,7.08,1.17,201.56,79,-213.3544304,0.258627629,22.10492557,0
2021,2,26,12.94,5.98,0,179,79,0,0,0,0
2021,2,27,13.39,5.62,0,176.19,79,0,0,0,0
2021,2,28,13.65,6.35,0.08,205.88,79,-213.3544304,0.250586154,313.2326929,1
2021,3,1,13.37,7.45,2.6,232.25,79,-213.3544304,0.269335623,10.35906241,0
2021,3,2,12.62,6.96,0.17,211.62,79,-213.3544304,0.251246235,147.7919031,1
2021,3,3,11.5,6.47,0.09,242,79,-213.3544304,0.250659462,278.5105136,1
2021,3,4,9.98,6.53,3.17,245.56,79,-213.3544304,0.273654804,8.632643648,0
2021,3,5,12.04,6.71,0.43,232.19,79,-213.3544304,0.253157056,58.87373399,1
2021,3,6,12.96,5.62,0,148.88,79,0,0,0,0
2021,3,7,13.5,5.74,0,237,79,0,0,0,0
2021,3,8,13.77,7.51,0,234.62,79,0,0,0,0
2021,3,9,14.7,7.08,0,162.38,79,0,0,0,0
2021,3,10,19.51,6.96,0,185.38,79,0,0,0,0
2021,3,11,16.16,8.3,5.19,234.5,79,-213.3544304,0.289200925,5.572272156,0
2021,3,12,13.87,6.77,8.63,272.38,79,-213.3544304,0.316567504,3.66822137,0
2021,3,13,13.27,6.35,0,217.31,79,0,0,0,0
2021,3,14,14.05,7.39,0,173,79,0,0,0,0
2021,3,15,17.01,7.63,0,208.81,79,0,0,0,0
2021,3,16,15.4,8.06,0,261.75,79,0,0,0,0
2021,3,17,14.39,6.71,0,230.56,79,0,0,0,0
2021,3,18,13.56,6.77,0.04,274.25,79,-213.3544304,0.250293008,625.7325211,1
2021,3,19,14.83,6.96,0,273.06,79,0,0,0,0
2021,3,20,18.61,6.1,0,130.94,79,0,0,0,0
2021,3,21,21.26,6.59,0,180.62,79,0,0,0,0
2021,3,22,20.23,10.56,0.37,165.12,79,-213.3544304,0.25271558,68.30150802,1
2021,3,23,21.65,9.09,1.46,195.31,79,-213.3544304,0.260784551,17.86195557,0
2021,3,24,14.8,7.32,2.74,254.88,79,-213.3544304,0.270393758,9.868385328,0
2021,3,25,13.01,6.41,1.38,276.75,79,-213.3544304,0.2601888,18.85426089,0
2021,3,26,11.1,6.29,2.74,258.06,79,-213.3544304,0.270393758,9.868385328,0
2021,3,27,11.08,5,0,281.75,79,0,0,0,0
2021,3,28,11.47,4.82,0,221.31,79,0,0,0,0
2021,3,29,12.89,5.19,0,185.38,79,0,0,0,0
2021,3,30,14.45,5.55,0,185.38,79,0,0,0,0
2021,3,31,14.12,6.59,0,259.81,79,0,0,0,0
2021,4,1,14.27,6.35,0,233.06,79,0,0,0,0
2021,4,2,12.23,6.65,4.59,233.38,79,-213.3544304,0.284543787,6.199211044,0
2021,4,3,14.24,6.9,0.02,262.62,79,-213.3544304,0.250146487,1250.732435,1
2021,4,4,14.43,6.1,0,185,79,0,0,0,0
2021,4,5,19.73,5.13,0,121.12,79,0,0,0,0
2021,4,6,22.4,5.19,0,130.69,79,0,0,0,0
2021,4,7,21.6,6.16,0,222.56,79,0,0,0,0
2021,4,8,19.62,7.57,0,248.38,79,0,0,0,0
2021,4,9,16.32,7.69,0.13,279.56,79,-213.3544304,0.25095278,193.0406,1
2021,4,10,13.35,5.86,0.69,255.75,79,-213.3544304,0.255073722,36.9672061,0
2021,4,11,13.48,5.55,1.06,269.25,79,-213.3544304,0.257811416,24.32183166,0
2021,4,12,14.04,5.8,0.01,263.94,79,-213.3544304,0.250073239,2500.732392,1
2021,4,13,13.88,5.62,0,218.12,79,0,0,0,0
2021,4,14,16.37,5.31,0,181.12,79,0,0,0,0
2021,4,15,20.57,5.55,0,165.5,79,0,0,0,0
2021,4,16,21.93,6.29,0,143.81,79,0,0,0,0
2021,4,17,23.98,6.65,0,136.06,79,0,0,0,0
2021,4,18,26.74,7.87,0,146.81,79,0,0,0,0
2021,4,19,28.9,8.67,0,196.62,79,0,0,0,0
2021,4,20,26.35,9.28,0,233.69,79,0,0,0,0
2021,4,21,19.97,7.57,0,278.94,79,0,0,0,0
2021,4,22,18.59,6.77,0,276.38,79,0,0,0,0
2021,4,23,21.74,6.1,0,152.12,79,0,0,0,0
2021,4,24,24.58,8.54,0,168.19,79,0,0,0,0
2021,4,25,24.57,8.91,0,240.75,79,0,0,0,0
2021,4,26,20.23,9.22,0,241.62,79,0,0,0,0
2021,4,27,19.86,8.85,0,273.44,79,0,0,0,0
2021,4,28,21.78,8.48,0,219,79,0,0,0,0
2021,4,29,25.6,7.26,0,200.38,79,0,0,0,0
2021,4,30,26.74,7.39,0,229.12,79,0,0,0,0
2021,5,1,25.55,7.08,0,276.88,79,0,0,0,0
2021,5,2,25.27,7.45,0,251.25,79,0,0,0,0
2021,5,3,26.47,7.32,0,243.81,79,0,0,0,0
2021,5,4,26.58,7.51,0,238.81,79,0,0,0,0
2021,5,5,26.43,7.2,0,240.75,79,0,0,0,0
2021,5,6,24.04,7.87,0,251.88,79,0,0,0,0
2021,5,7,24.19,8.06,0,265.19,79,0,0,0,0
2021,5,8,26.4,7.26,0,188.12,79,0,0,0,0
2021,5,9,29.33,6.84,0,217.44,79,0,0,0,0
2021,5,10,26.44,9.03,0,265.5,79,0,0,0,0
2021,5,11,25.4,7.93,0,288,79,0,0,0,0
2021,5,12,23.87,8.18,0,270.81,79,0,0,0,0
2021,5,13,22.98,9.22,0,272,79,0,0,0,0
2021,5,14,23.03,9.16,0,272.88,79,0,0,0,0
2021,5,15,22.82,8.79,0,263.19,79,0,0,0,0
2021,5,16,24.23,7.26,0,236.62,79,0,0,0,0
2021,5,17,24.83,7.51,0,247.44,79,0,0,0,0
2021,5,18,23.83,9.22,0,279.88,79,0,0,0,0
2021,5,19,25.19,9.28,0,278.5,79,0,0,0,0
2021,5,20,27.08,10.31,0,236.5,79,0,0,0,0
2021,5,21,25.38,10.62,0,282.69,79,0,0,0,0
2021,5,22,22.42,9.7,0,283.88,79,0,0,0,0
2021,5,23,22.51,9.4,0.02,280.19,79,-213.3544304,0.250146487,1250.732435,1
2021,5,24,23.33,9.46,0,290.75,79,0,0,0,0
2021,5,25,25.65,9.09,0,255.25,79,0,0,0,0
2021,5,26,26.92,7.81,0,253.94,79,0,0,0,0
2021,5,27,27.09,7.81,0,257.06,79,0,0,0,0
2021,5,28,25.69,9.09,0,249.06,79,0,0,0,0
2021,5,29,24.31,9.89,0,257.5,79,0,0,0,0
2021,5,30,25.6,8.18,0,255.56,79,0,0,0,0
2021,5,31,28.94,7.14,0,205.31,79,0,0,0,0
2021,6,1,25.74,9.46,0,279.69,79,0,0,0,0
2021,6,2,23.79,9.95,0,294.88,79,0,0,0,0
2021,6,3,23.12,8,0,260.75,79,0,0,0,0
2021,6,4,23.25,9.22,0,299.12,79,0,0,0,0
2021,6,5,23.26,9.16,0,290.88,79,0,0,0,0
2021,6,6,24.3,9.09,0,292.38,79,0,0,0,0
2021,6,7,24.71,8.36,0,247.62,79,0,0,0,0
2021,6,8,24.31,8.54,0,280.06,79,0,0,0,0
2021,6,9,27.12,8.67,0,248.81,79,0,0,0,0
2021,6,10,27.37,8.24,0,252.44,79,0,0,0,0
2021,6,11,25.4,10.38,0,277.25,79,0,0,0,0
2021,6,12,26.88,8.18,0,241.75,79,0,0,0,0
2021,6,13,28.09,8.42,0,260,79,0,0,0,0
2021,6,14,25.02,10.74,0,281.94,79,0,0,0,0
2021,6,15,24.77,10.19,0,298.69,79,0,0,0,0
2021,6,16,23.84,10.74,0,288.69,79,0,0,0,0
2021,6,17,24.33,9.83,0,298.88,79,0,0,0,0
2021,6,18,24.74,9.95,0,299.19,79,0,0,0,0
2021,6,19,24.69,10.31,0,278.38,79,0,0,0,0
2021,6,20,25.49,10.38,0,270.06,79,0,0,0,0
2021,6,21,26.13,10.38,0,260.38,79,0,0,0,0
2021,6,22,26.87,10.68,0,276.38,79,0,0,0,0
2021,6,23,26.69,11.66,0,280.5,79,0,0,0,0
2021,6,24,27.18,10.99,0,282.38,79,0,0,0,0
2021,6,25,28.15,10.86,0,266.19,79,0,0,0,0
2021,6,26,28.52,11.66,0,292.81,79,0,0,0,0
2021,6,27,29.52,11.84,0,277.19,79,0,0,0,0
2021,6,28,30.19,11.35,0,285.88,79,0,0,0,0
2021,6,29,30.19,11.23,0,273.75,79,0,0,0,0
2021,6,30,30.66,12.27,0,287.19,79,0,0,0,0
2021,7,1,30.29,11.84,0,280.69,79,0,0,0,0
2021,7,2,31.01,11.6,0,260.31,79,0,0,0,0
2021,7,3,30.41,9.52,0,239.06,79,0,0,0,0
2021,7,4,28.05,12.45,0,257.75,79,0,0,0,0
2021,7,5,28.8,12.63,0,263.62,79,0,0,0,0
2021,7,6,27.58,12.08,0,257.31,79,0,0,0,0
2021,7,7,28.91,11.78,0,277.81,79,0,0,0,0
2021,7,8,29.3,11.54,0,262.44,79,0,0,0,0
2021,7,9,29.09,12.7,0,278.75,79,0,0,0,0
2021,7,10,29.36,14.28,0,275.69,79,0,0,0,0
2021,7,11,29.9,14.1,0,283.94,79,0,0,0,0
2021,7,12,29.79,13.12,0,280.06,79,0,0,0,0
2021,7,13,29.28,13.24,0,285.75,79,0,0,0,0
2021,7,14,28.69,12.63,0,279.38,79,0,0,0,0
2021,7,15,29.46,13.31,0,262,79,0,0,0,0
2021,7,16,30.25,13.31,0,269.62,79,0,0,0,0
2021,7,17,30.79,12.88,0,277.12,79,0,0,0,0
2021,7,18,31.85,10.25,0,240.44,79,0,0,0,0
2021,7,19,31.15,11.96,0,276.25,79,0,0,0,0
2021,7,20,29.71,12.57,0,277.5,79,0,0,0,0
2021,7,21,28.31,12.51,0,286.31,79,0,0,0,0
2021,7,22,28.31,13.24,0,277.06,79,0,0,0,0
2021,7,23,28.73,13.92,0,262.81,79,0,0,0,0
2021,7,24,29.07,14.53,0,271.19,79,0,0,0,0
2021,7,25,30.34,14.71,0,270.94,79,0,0,0,0
2021,7,26,30.19,14.28,0,284.5,79,0,0,0,0
2021,7,27,29.55,13.79,0,293.81,79,0,0,0,0
2021,7,28,30.05,13.98,0,287.81,79,0,0,0,0
2021,7,29,30.06,13.98,0,274.94,79,0,0,0,0
2021,7,30,29.71,13.67,0,265.69,79,0,0,0,0
2021,7,31,29.72,12.82,0,266.69,79,0,0,0,0
2021,8,1,30.41,12.51,0,266.31,79,0,0,0,0
2021,8,2,31.06,11.41,0,257.94,79,0,0,0,0
2021,8,3,31.9,10.31,0,267.31,79,0,0,0,0
2021,8,4,32.33,10.93,0,270.62,79,0,0,0,0
2021,8,5,32.09,8.85,0,258.75,79,0,0,0,0
2021,8,6,31.83,9.28,0,273.44,79,0,0,0,0
2021,8,7,32,9.89,0,230.12,79,0,0,0,0
2021,8,8,30.29,13.67,0,266,79,0,0,0,0
2021,8,9,30.08,13.43,0,270.62,79,0,0,0,0
2021,8,10,30.16,13.98,0,279,79,0,0,0,0
2021,8,11,30.59,13.49,0,274.44,79,0,0,0,0
2021,8,12,30.31,14.22,0,292.62,79,0,0,0,0
2021,8,13,30.7,12.33,0,271.31,79,0,0,0,0
2021,8,14,30.48,11.72,0,259.69,79,0,0,0,0
2021,8,15,29.65,13.06,0,266.56,79,0,0,0,0
2021,8,16,29.64,13.55,0,281,79,0,0,0,0
2021,8,17,28.92,13.43,0,282.19,79,0,0,0,0
2021,8,18,28.31,12.63,0,280.38,79,0,0,0,0
2021,8,19,27.9,12.39,0,272.25,79,0,0,0,0
2021,8,20,29.62,12.21,0,223.12,79,0,0,0,0
2021,8,21,30.85,12.33,0,218.69,79,0,0,0,0
2021,8,22,29.84,14.71,0,274.94,79,0,0,0,0
2021,8,23,28.58,13,0,284.88,79,0,0,0,0
2021,8,24,28.79,10.99,0,248.94,79,0,0,0,0
2021,8,25,30.19,12.27,0,267.44,79,0,0,0,0
2021,8,26,31.4,13.49,0,293,79,0,0,0,0
2021,8,27,31.62,13.18,0,282.31,79,0,0,0,0
2021,8,28,30.46,13.12,0,288.62,79,0,0,0,0
2021,8,29,28.93,12.82,0,281.38,79,0,0,0,0
2021,8,30,28.75,12.94,0,276.44,79,0,0,0,0
2021,8,31,28.99,13,0,262.56,79,0,0,0,0
2021,9,1,28.89,11.72,0,290.75,79,0,0,0,0
2021,9,2,28.16,12.82,0,277.44,79,0,0,0,0
2021,9,3,27.7,12.94,0,277.19,79,0,0,0,0
2021,9,4,28.36,12.7,0,296.75,79,0,0,0,0
2021,9,5,27.9,12.21,0,246.06,79,0,0,0,0
2021,9,6,27.58,12.27,0.01,281.38,79,-213.3544304,0.250073239,2500.732392,1
2021,9,7,27.19,12.76,0.36,261.75,79,-213.3544304,0.252642031,70.17834181,1
2021,9,8,27.47,11.23,0,264.31,79,0,0,0,0
2021,9,9,28.42,10.68,0,241.19,79,0,0,0,0
2021,9,10,27.31,13.43,0,294.06,79,0,0,0,0
2021,9,11,25.98,11.84,0,287,79,0,0,0,0
2021,9,12,26.56,11.96,0,278.75,79,0,0,0,0
2021,9,13,27.94,10.07,0,198.12,79,0,0,0,0
2021,9,14,27.83,10.86,0,249.31,79,0,0,0,0
2021,9,15,26.7,11.78,0,218.5,79,0,0,0,0
2021,9,16,26.15,12.15,0,271.25,79,0,0,0,0
2021,9,17,25.83,11.23,0,247.94,79,0,0,0,0
2021,9,18,26.38,11.29,0,228.56,79,0,0,0,0
2021,9,19,26.83,10.86,0,212.94,79,0,0,0,0
2021,9,20,27.16,10.62,0,235.44,79,0,0,0,0
2021,9,21,28.12,10.5,0,202.94,79,0,0,0,0
2021,9,22,26.95,12.94,0,241.5,79,0,0,0,0
2021,9,23,25.65,11.96,0.01,256.81,79,-213.3544304,0.250073239,2500.732392,1
2021,9,24,24.27,10.68,0.75,275.94,79,-213.3544304,0.255516863,34.068915,0
2021,9,25,24.51,8.48,0,157,79,0,0,0,0
2021,9,26,27.5,5.8,0,130.12,79,0,0,0,0
2021,9,27,26.08,8.85,0,226.06,79,0,0,0,0
2021,9,28,24.8,11.78,0,271.19,79,0,0,0,0
2021,9,29,24.98,12.15,0,279.12,79,0,0,0,0
2021,9,30,25.06,11.84,0,268.38,79,0,0,0,0
2021,10,1,25.57,11.72,0,218.31,79,0,0,0,0
2021,10,2,24.98,12.51,0,301.31,79,0,0,0,0
2021,10,3,24.1,11.66,0,285,79,0,0,0,0
2021,10,4,24.4,11.11,0,287.38,79,0,0,0,0
2021,10,5,23.01,9.4,0,234.81,79,0,0,0,0
2021,10,6,22.85,8.36,0,250.44,79,0,0,0,0
2021,10,7,23.91,6.9,0,180.69,79,0,0,0,0
2021,10,8,25.87,6.59,0,171,79,0,0,0,0
2021,10,9,25.12,8.85,0,204.31,79,0,0,0,0
2021,10,10,24.8,8.61,0,192.62,79,0,0,0,0
2021,10,11,24.56,5.49,0,183.88,79,0,0,0,0
2021,10,12,25.81,9.52,0.86,143.75,79,-213.3544304,0.2563301,29.80582557,0
2021,10,13,25.7,10.62,0.36,61.69,79,-213.3544304,0.252642031,70.17834181,1
2021,10,14,25.07,9.4,0,208.44,79,0,0,0,0
2021,10,15,24.48,10.07,0,230.44,79,0,0,0,0
2021,10,16,23.06,9.7,0,256.88,79,0,0,0,0
2021,10,17,22.32,10.56,0.01,244.44,79,-213.3544304,0.250073239,2500.732392,1
2021,10,18,22.12,10.13,0.05,275.38,79,-213.3544304,0.250366282,500.732564,1
2021,10,19,21.83,9.52,0,282.94,79,0,0,0,0
2021,10,20,21.78,10.01,0,221.25,79,0,0,0,0
2021,10,21,21.57,8.3,0,194.31,79,0,0,0,0
2021,10,22,21.72,7.81,0,193.69,79,0,0,0,0
2021,10,23,21.47,8.91,0,225.81,79,0,0,0,0
2021,10,24,21.63,8.36,0,196.56,79,0,0,0,0
2021,10,25,21.58,8.73,0,220.12,79,0,0,0,0
2021,10,26,21.19,9.83,0,208.38,79,0,0,0,0
2021,10,27,21.21,7.75,0,160.56,79,0,0,0,0
2021,10,28,23.04,5.92,0,165.69,79,0,0,0,0
2021,10,29,24.8,6.65,0,180.69,79,0,0,0,0
2021,10,30,22.41,10.01,0,229.25,79,0,0,0,0
2021,10,31,23.38,9.03,0.19,133.19,79,-213.3544304,0.251393015,132.312113,1
2021,11,1,22.29,9.16,2.36,89.12,79,-213.3544304,0.267525772,11.33583778,0
2021,11,2,21.02,10.01,0.01,206.44,79,-213.3544304,0.250073239,2500.732392,1
2021,11,3,20.72,9.64,0,203.44,79,0,0,0,0
2021,11,4,21.4,8.06,0,137.94,79,0,0,0,0
2021,11,5,23.1,6.1,0,92.88,79,0,0,0,0
2021,11,6,23.51,5,0,80.81,79,0,0,0,0
2021,11,7,22.87,4.64,0,78.81,79,0,0,0,0
2021,11,8,22.4,3.72,0,112.88,79,0,0,0,0
2021,11,9,21.69,2.2,0,119.56,79,0,0,0,0
2021,11,10,19.66,4.46,0,229.88,79,0,0,0,0
2021,11,11,18.22,7.39,0,175.06,79,0,0,0,0
2021,11,12,19.5,2.99,0,109.31,79,0,0,0,0
2021,11,13,21.48,3.05,0,112.44,79,0,0,0,0
2021,11,14,21.68,5.37,0.01,102.56,79,-213.3544304,0.250073239,2500.732392,1
2021,11,15,20.39,5.8,0.01,171.12,79,-213.3544304,0.250073239,2500.732392,1
2021,11,16,20.21,5.37,0,135.25,79,0,0,0,0
2021,11,17,20.96,5.55,0,151.19,79,0,0,0,0
2021,11,18,19.35,7.32,0.05,202.19,79,-213.3544304,0.250366282,500.732564,1
2021,11,19,17.76,9.64,1.76,213.69,79,-213.3544304,0.263023643,14.94452519,0
2021,11,20,15.97,9.09,7.33,213.69,79,-213.3544304,0.306089998,4.175852635,0
2021,11,21,15.64,7.69,1.08,129.88,79,-213.3544304,0.257959739,23.88516105,0
2021,11,22,16.06,6.96,0,139.12,79,0,0,0,0
2021,11,23,16.88,6.65,0,160.19,79,0,0,0,0
2021,11,24,17.69,6.04,0,165.19,79,0,0,0,0
2021,11,25,16.61,6.47,0,205,79,0,0,0,0
2021,11,26,15.75,7.08,0,158.94,79,0,0,0,0
2021,11,27,17.81,5.37,0,113.44,79,0,0,0,0
2021,11,28,19.55,5.8,0,173.25,79,0,0,0,0
2021,11,29,21.23,5.31,0,110.38,79,0,0,0,0
2021,11,30,21.4,6.1,0.47,191.62,79,-213.3544304,0.253451547,53.925861,1
2021,12,1,17.48,8.97,1.33,274.88,79,-213.3544304,0.259816742,19.53509336,0
2021,12,2,15.53,6.71,0.2,254.56,79,-213.3544304,0.251466417,125.7332086,1
2021,12,3,15.41,5.31,0,106.56,79,0,0,0,0
2021,12,4,17.36,4.58,0,127.25,79,0,0,0,0
2021,12,5,16.65,6.77,1.06,207.31,79,-213.3544304,0.257811416,24.32183166,0
2021,12,6,16.59,7.08,0.03,133.94,79,-213.3544304,0.250219743,834.0658115,1
2021,12,7,16.6,4.94,0,147.25,79,0,0,0,0
2021,12,8,14.21,6.77,11.1,218.56,79,-213.3544304,0.336945055,3.035541034,0
2021,12,9,14.75,7.63,1.6,227.25,79,-213.3544304,0.261828472,16.36427951,0
2021,12,10,15.15,5.8,0,106.75,79,0,0,0,0
2021,12,11,16.64,5.49,0,111.5,79,0,0,0,0
2021,12,12,17.86,5.25,0,105.31,79,0,0,0,0
2021,12,13,17.46,5.55,0,109.62,79,0,0,0,0
2021,12,14,17.28,7.51,4.81,192.88,79,-213.3544304,0.286247492,5.951091314,0
2021,12,15,14.88,7.69,0.54,247.25,79,-213.3544304,0.253967238,47.03097007,1
2021,12,16,12.87,6.84,1.7,204.62,79,-213.3544304,0.262575189,15.44559935,0
2021,12,17,11.58,7.32,6.23,207.5,79,-213.3544304,0.297353799,4.772934165,0
2021,12,18,11.05,6.71,8.27,208.69,79,-213.3544304,0.313649248,3.792614852,0
2021,12,19,10.76,5.37,0.04,194.12,79,-213.3544304,0.250293008,625.7325211,1
2021,12,20,9.81,6.1,34.46,209.5,79,-213.3544304,0.566208187,1.643088181,0
2021,12,21,11.26,7.57,16.36,225.38,79,-213.3544304,0.382513805,2.33810394,0
2021,12,22,11.92,8.12,10.53,243.69,79,-213.3544304,0.332186754,3.154670032,0
2021,12,23,11.93,7.26,5.92,262.75,79,-213.3544304,0.294912848,4.981635944,0
2021,12,24,11.52,6.47,0.62,252.31,79,-213.3544304,0.25455712,41.05760002,1
2021,12,25,9.51,4.94,0,121.31,79,0,0,0,0
2021,12,26,10.08,4.7,0,90.81,79,0,0,0,0
2021,12,27,10.9,4.76,0,111.19,79,0,0,0,0
2021,12,28,9.48,4.58,0,107.81,79,0,0,0,0
2021,12,29,10.86,5.92,0.09,157.69,79,-213.3544304,0.250659462,278.5105136,1
2021,12,30,12.4,6.41,0.09,129.25,79,-213.3544304,0.250659462,278.5105136,1
2021,12,31,12.69,6.59,0.84,121.81,79,-213.3544304,0.25618216,30.49787621,0
2022,1,1,12.86,6.96,3.43,102.38,79,-213.3544304,0.275634733,8.035998055,0
2022,1,2,12.24,6.77,0.61,195.31,79,-213.3544304,0.254483355,41.71858271,1
2022,1,3,12.11,6.53,2.15,226.12,79,-213.3544304,0.26594638,12.36959909,0
2022,1,4,11.35,7.2,0.99,215.94,79,-213.3544304,0.257292558,25.98914726,0
2022,1,5,13.01,7.63,0.45,186.19,79,-213.3544304,0.253304284,56.28984092,1
2022,1,6,13.17,5.86,0,122.06,79,0,0,0,0
2022,1,7,13.62,5.37,0,168.44,79,0,0,0,0
2022,1,8,13.35,5.13,0.3,123.94,79,-213.3544304,0.252200917,84.06697226,1
2022,1,9,12.91,5.98,0.01,191.31,79,-213.3544304,0.250073239,2500.732392,1
2022,1,10,10.86,5.55,0,185.62,79,0,0,0,0
2022,1,11,11.6,4.94,0,164.44,79,0,0,0,0
2022,1,12,12.23,5,0,180.62,79,0,0,0,0
2022,1,13,12.55,6.47,2.67,203.44,79,-213.3544304,0.26986447,10.10728352,0
2022,1,14,11.35,7.39,16.71,262.38,79,-213.3544304,0.385656421,2.307937889,0
2022,1,15,10.05,7.02,7.12,237.94,79,-213.3544304,0.304413103,4.275464931,0
2022,1,16,9.49,5.86,9.76,269.06,79,-213.3544304,0.325812399,3.338241796,0
2022,1,17,5.14,2.69,0.49,110.19,79,-213.3544304,0.253598844,51.7548661,1
2022,1,18,4.7,3.11,0.6,176.5,79,-213.3544304,0.254409598,42.40159961,1
2022,1,19,7.07,4.76,11.63,245.25,79,-213.3544304,0.341400038,2.935511935,0
2022,1,20,5.78,3.85,0.02,270.06,79,-213.3544304,0.250146487,1250.732435,1
2022,1,21,7.01,3.97,0,102,79,0,0,0,0
2022,1,22,6.99,4.09,0,181.5,79,0,0,0,0
2022,1,23,8.82,5.98,6.14,226.88,79,-213.3544304,0.296644188,4.831338565,0
2022,1,24,7.19,5.62,8.65,217.75,79,-213.3544304,0.31673001,3.66161861,0
2022,1,25,6.81,4.88,0.27,180.62,79,-213.3544304,0.251980476,93.32610236,1
2022,1,26,8.08,5.74,13.42,215.06,79,-213.3544304,0.356668078,2.657735305,0
2022,1,27,8.19,5.49,9.56,253.12,79,-213.3544304,0.32416669,3.390864961,0
2022,1,28,8.3,6.04,11.92,235.12,79,-213.3544304,0.343850261,2.884649837,0
2022,1,29,8.25,5.74,2.75,155.81,79,-213.3544304,0.270469407,9.835251149,0
2022,1,30,10.05,4.46,0,168.19,79,0,0,0,0
2022,1,31,7.73,5.07,0.34,183.69,79,-213.3544304,0.252494958,74.26322296,1
2022,2,1,10.09,6.04,1.9,181.62,79,-213.3544304,0.264071277,13.89848826,0
2022,2,2,11.51,5.19,0,121.31,79,0,0,0,0
2022,2,3,10.71,5.62,0.63,191.06,79,-213.3544304,0.254630894,40.41760228,1
2022,2,4,8.94,6.29,10.28,221.12,79,-213.3544304,0.330110449,3.211191141,0
2022,2,5,10.23,6.77,9.77,265.5,79,-213.3544304,0.325894792,3.335668292,0
2022,2,6,11.23,6.65,0.56,245,79,-213.3544304,0.254114657,45.37761729,1
2022,2,7,11.02,7.26,1.06,201.12,79,-213.3544304,0.257811416,24.32183166,0
2022,2,8,12.16,5.98,0,171,79,0,0,0,0
2022,2,9,10.72,5.98,1.14,205.75,79,-213.3544304,0.25840492,22.66709828,0
2022,2,10,9.87,6.84,8.2,253.81,79,-213.3544304,0.313083311,3.818089162,0
2022,2,11,10.43,6.04,0.97,202.88,79,-213.3544304,0.257144391,26.50973108,0
2022,2,12,10.9,5.25,0,124.88,79,0,0,0,0
2022,2,13,11.71,5.31,0,198.06,79,0,0,0,0
2022,2,14,11.98,6.9,0,259.31,79,0,0,0,0
2022,2,15,10.85,6.71,0,213.19,79,0,0,0,0
2022,2,16,11.22,6.35,0,175.75,79,0,0,0,0
2022,2,17,11.31,6.23,0,153.88,79,0,0,0,0
2022,2,18,11.96,6.16,0,193.81,79,0,0,0,0
2022,2,19,10.48,6.84,0.05,251.56,79,-213.3544304,0.250366282,500.732564,1
2022,2,20,12.26,7.32,0.39,280.56,79,-213.3544304,0.252862704,64.83659075,1
2022,2,21,12.74,7.63,0,249,79,0,0,0,0
2022,2,22,13.05,7.08,0,131.56,79,0,0,0,0
2022,2,23,15.26,6.23,0,101.75,79,0,0,0,0
2022,2,24,13.19,6.71,0.37,204.56,79,-213.3544304,0.25271558,68.30150802,1
2022,2,25,10.91,7.2,21.63,225.38,79,-213.3544304,0.431394546,1.994426935,0
2022,2,26,11.98,7.51,7.45,243.56,79,-213.3544304,0.307050161,4.121478673,0
2022,2,27,12.18,6.9,0,180.38,79,0,0,0,0
2022,2,28,12.96,6.53,0,216.75,79,0,0,0,0
2022,3,1,13.81,7.39,0,219.75,79,0,0,0,0
2022,3,2,15.89,8.36,0,135.25,79,0,0,0,0
2022,3,3,12.95,7.39,12.31,253.19,79,-213.3544304,0.347159535,2.820142449,0
2022,3,4,11.5,6.23,2.05,278.06,79,-213.3544304,0.265195672,12.93637424,0
2022,3,5,12.16,6.1,0,139.56,79,0,0,0,0
2022,3,6,15.2,7.02,0,176.88,79,0,0,0,0
2022,3,7,13.63,7.63,0,300.31,79,0,0,0,0
2022,3,8,14.03,6.59,0.01,135.25,79,-213.3544304,0.250073239,2500.732392,1
2022,3,9,14.2,8,2.09,246.19,79,-213.3544304,0.265495848,12.70315064,0
2022,3,10,12.21,7.08,6.43,242.44,79,-213.3544304,0.298933495,4.649043469,0
2022,3,11,9.65,5.74,9.91,259.06,79,-213.3544304,0.327049368,3.30019544,0
2022,3,12,8.33,4.94,1.29,266.06,79,-213.3544304,0.259519253,20.11777155,0
2022,3,13,8.42,5,1.43,265,79,-213.3544304,0.260561079,18.22105445,0
2022,3,14,7.39,4.09,0,319.88,79,0,0,0,0
2022,3,15,6.52,3.66,1.37,206.19,79,-213.3544304,0.260114371,18.98645044,0
2022,3,16,7.41,3.97,0.82,240.31,79,-213.3544304,0.256034255,31.22368968,0
2022,3,17,8.69,4.58,0.03,203.06,79,-213.3544304,0.250219743,834.0658115,1
2022,3,18,10.59,6.53,2.07,240.5,79,-213.3544304,0.265345742,12.81863489,0
2022,3,19,9.67,6.04,0.08,250.06,79,-213.3544304,0.250586154,313.2326929,1
2022,3,20,7.62,3.91,0,167.88,79,0,0,0,0
2022,3,21,7.73,4.94,0.01,154.25,79,-213.3544304,0.250073239,2500.732392,1
2022,3,22,8.63,4.64,0,190.75,79,0,0,0,0
2022,3,23,8.3,5.19,1.34,193.38,79,-213.3544304,0.259891136,19.39486088,0
2022,3,24,9.02,6.23,15.44,221.38,79,-213.3544304,0.37432079,2.424357445,0
2022,3,25,10.11,6.16,16.17,253.06,79,-213.3544304,0.380813775,2.355063543,0
2022,3,26,11.19,5.62,0.42,216.94,79,-213.3544304,0.253083455,60.25796551,1
2022,3,27,12.23,6.9,0,239.06,79,0,0,0,0
2022,3,28,13.12,5,0,71.81,79,0,0,0,0
2022,3,29,15.67,5.37,0,115.75,79,0,0,0,0
2022,3,30,15.35,6.84,0,219.06,79,0,0,0,0
2022,3,31,16.77,5.86,0,124.81,79,0,0,0,0
2022,4,1,21.42,6.59,0,139.75,79,0,0,0,0
2022,4,2,22.69,8,0,176.38,79,0,0,0,0
2022,4,3,20.19,8.79,0,198.5,79,0,0,0,0
2022,4,4,19.5,6.53,0,134.19,79,0,0,0,0
2022,4,5,22.9,7.02,0,160.38,79,0,0,0,0
2022,4,6,20.87,8.3,0,213.44,79,0,0,0,0
2022,4,7,19.72,8.67,0,204.06,79,0,0,0,0
2022,4,8,18.58,9.4,0,228.19,79,0,0,0,0
2022,4,9,18.19,8.48,0,213.19,79,0,0,0,0
2022,4,10,19.33,7.75,0,190.75,79,0,0,0,0
2022,4,11,17.94,7.57,0,239.12,79,0,0,0,0
2022,4,12,14.6,6.84,0,286.5,79,0,0,0,0
2022,4,13,15.2,6.41,0,209.81,79,0,0,0,0
2022,4,14,15.79,5.8,0,161.56,79,0,0,0,0
2022,4,15,17.09,5.25,0,186.5,79,0,0,0,0
2022,4,16,18.36,5.62,0,120.69,79,0,0,0,0
2022,4,17,22.26,5.49,0,117.81,79,0,0,0,0
2022,4,18,24.14,7.45,0,196.88,79,0,0,0,0
2022,4,19,18.58,9.09,0,291.5,79,0,0,0,0
2022,4,20,16.92,8,0.03,300.44,79,-213.3544304,0.250219743,834.0658115,1
2022,4,21,17.49,7.14,0,255.69,79,0,0,0,0
2022,4,22,21.33,6.71,0,124.38,79,0,0,0,0
2022,4,23,22.81,7.69,0,171.5,79,0,0,0,0
2022,4,24,23.42,10.01,0.02,154.75,79,-213.3544304,0.250146487,1250.732435,1
2022,4,25,24.65,9.28,0,163.44,79,0,0,0,0
2022,4,26,25.15,7.75,0,204.88,79,0,0,0,0
2022,4,27,22.39,7.75,0,232.56,79,0,0,0,0
2022,4,28,21.74,8.54,0,279.81,79,0,0,0,0
2022,4,29,25.06,8.73,0,162.56,79,0,0,0,0
2022,4,30,24.77,8.18,0,194.88,79,0,0,0,0
2022,5,1,20.35,9.7,0,248.94,79,0,0,0,0
2022,5,2,21.54,8.91,0,174.94,79,0,0,0,0
2022,5,3,24.99,8,0.01,170.31,79,-213.3544304,0.250073239,2500.732392,1
2022,5,4,20.48,10.13,0,249,79,0,0,0,0
2022,5,5,18.61,8.18,0.02,259.19,79,-213.3544304,0.250146487,1250.732435,1
2022,5,6,18.23,7.69,1.04,267.56,79,-213.3544304,0.257663127,24.77530066,0
2022,5,7,18.03,7.63,0,256.25,79,0,0,0,0
2022,5,8,19.19,6.9,0,222.81,79,0,0,0,0
2022,5,9,22.09,6.96,0,224.56,79,0,0,0,0
2022,5,10,21.51,7.2,0,280.44,79,0,0,0,0
2022,5,11,21.01,7.45,0,242.38,79,0,0,0,0
2022,5,12,20.65,7.81,0,271.06,79,0,0,0,0
2022,5,13,22.98,6.77,0,141.94,79,0,0,0,0
2022,5,14,27.8,7.39,0,166.38,79,0,0,0,0
2022,5,15,23.48,8.79,0,219.44,79,0,0,0,0
2022,5,16,19.98,9.22,0,260.19,79,0,0,0,0
2022,5,17,22.27,8.85,0,256.75,79,0,0,0,0
2022,5,18,22.58,8.54,0,255,79,0,0,0,0
2022,5,19,23.4,8.24,0,239.94,79,0,0,0,0
2022,5,20,25.98,6.71,0,161.75,79,0,0,0,0
2022,5,21,28.57,6.84,0,136.12,79,0,0,0,0
2022,5,22,22.28,9.03,0,257.69,79,0,0,0,0
2022,5,23,22.33,8.85,0,249.31,79,0,0,0,0
2022,5,24,23.37,8.24,0,235.75,79,0,0,0,0
2022,5,25,24.76,7.26,0,195.25,79,0,0,0,0
2022,5,26,26.62,6.96,0,168,79,0,0,0,0
2022,5,27,28.22,6.35,0,158.81,79,0,0,0,0
2022,5,28,28.29,6.23,0,185.25,79,0,0,0,0
2022,5,29,28.73,8.06,0,207.19,79,0,0,0,0
2022,5,30,28.97,9.22,0,243.88,79,0,0,0,0
2022,5,31,27.09,10.62,0,271.62,79,0,0,0,0
2022,6,1,25.7,10.74,0,270.88,79,0,0,0,0
2022,6,2,24.91,9.46,0,274.44,79,0,0,0,0
2022,6,3,26.4,8.12,0,235.38,79,0,0,0,0
2022,6,4,26.66,6.96,0,257.75,79,0,0,0,0
2022,6,5,27.47,6.77,0,239.56,79,0,0,0,0
2022,6,6,26.58,7.69,0,224.62,79,0,0,0,0
2022,6,7,26.23,11.23,0,247.75,79,0,0,0,0
2022,6,8,26.89,9.64,0,232,79,0,0,0,0
2022,6,9,28.85,8.12,0,224.25,79,0,0,0,0
2022,6,10,30.3,7.2,0,237.5,79,0,0,0,0
2022,6,11,31.1,6.16,0,205.38,79,0,0,0,0
2022,6,12,27.35,9.52,0,262.75,79,0,0,0,0
2022,6,13,25.27,11.84,0,269.81,79,0,0,0,0
2022,6,14,26.06,10.62,0,232,79,0,0,0,0
2022,6,15,26.29,10.01,0,227.56,79,0,0,0,0
2022,6,16,27.89,10.8,0,225.12,79,0,0,0,0
2022,6,17,29.38,10.5,0,258.56,79,0,0,0,0
2022,6,18,28.33,12.27,0,270.25,79,0,0,0,0
2022,6,19,26.79,10.93,0,273.56,79,0,0,0,0
2022,6,20,25.48,10.38,0,277.12,79,0,0,0,0
2022,6,21,24.9,11.29,0,277.69,79,0,0,0,0
2022,6,22,26.08,11.41,0,275,79,0,0,0,0
2022,6,23,28.23,11.17,0,260.31,79,0,0,0,0
2022,6,24,29.11,10.5,0,258.12,79,0,0,0,0
2022,6,25,27.27,11.05,0.09,263.19,79,-213.3544304,0.250659462,278.5105136,1
2022,6,26,26.69,10.44,0,270.25,79,0,0,0,0
2022,6,27,27.58,10.44,0,260.38,79,0,0,0,0
2022,6,28,28,10.44,0,259.06,79,0,0,0,0
2022,6,29,27.12,11.54,0,288.5,79,0,0,0,0
2022,6,30,27.34,10.38,0,278.38,79,0,0,0,0
2022,7,1,27.32,10.68,0,251.31,79,0,0,0,0
2022,7,2,27.62,11.9,0,281.38,79,0,0,0,0
2022,7,3,28.19,12.76,0,274.81,79,0,0,0,0
2022,7,4,28.68,12.51,0,272.69,79,0,0,0,0
2022,7,5,28.44,10.74,0,273.88,79,0,0,0,0
2022,7,6,27.41,12.33,0,264,79,0,0,0,0
2022,7,7,27.99,11.84,0,270.06,79,0,0,0,0
2022,7,8,28.15,10.99,0,268.88,79,0,0,0,0
2022,7,9,27.74,10.62,0,260,79,0,0,0,0
2022,7,10,27.5,12.27,0,258.44,79,0,0,0,0
2022,7,11,27.83,12.27,0,291,79,0,0,0,0
2022,7,12,27.92,11.47,0,259,79,0,0,0,0
2022,7,13,28.38,12.02,0,287.19,79,0,0,0,0
2022,7,14,27.77,11.96,0,280.5,79,0,0,0,0
2022,7,15,27.19,12.76,0,274.06,79,0,0,0,0
2022,7,16,27.53,11.72,0,290.56,79,0,0,0,0
2022,7,17,28.41,11.72,0,279.81,79,0,0,0,0
2022,7,18,29.56,12.94,0,274.5,79,0,0,0,0
2022,7,19,30.3,11.66,0,269.12,79,0,0,0,0
2022,7,20,29.84,10.56,0,283.12,79,0,0,0,0
2022,7,21,28.78,11.9,0,275.62,79,0,0,0,0
2022,7,22,28.76,12.02,0,272.25,79,0,0,0,0
2022,7,23,28.58,11.78,0,287.56,79,0,0,0,0
2022,7,24,29.15,12.88,0,274.62,79,0,0,0,0
2022,7,25,29.59,11.41,0,268.38,79,0,0,0,0
2022,7,26,29.19,10.44,0,271.88,79,0,0,0,0
2022,7,27,29.58,10.31,0,257.12,79,0,0,0,0
2022,7,28,30.79,11.35,0,219.62,79,0,0,0,0
2022,7,29,30.43,11.66,0,270.81,79,0,0,0,0
2022,7,30,29.2,12.15,0,275.5,79,0,0,0,0
2022,7,31,28.81,12.02,0,277.94,79,0,0,0,0
2022,8,1,28.49,13.06,0,257.19,79,0,0,0,0
2022,8,2,29.71,13.55,0,269.19,79,0,0,0,0
2022,8,3,30.08,12.88,0,250.06,79,0,0,0,0
2022,8,4,31,13.37,0,265.25,79,0,0,0,0
2022,8,5,30.63,14.1,0,269.5,79,0,0,0,0
2022,8,6,30.23,13.24,0,258.06,79,0,0,0,0
2022,8,7,29.69,12.45,0,278.31,79,0,0,0,0
2022,8,8,28.61,12.57,0,270.44,79,0,0,0,0
2022,8,9,28.62,12.51,0,281.56,79,0,0,0,0
2022,8,10,28.59,14.04,0,277.44,79,0,0,0,0
2022,8,11,28.7,13.18,0,278.38,79,0,0,0,0
2022,8,12,28.55,13.12,0,269.5,79,0,0,0,0
2022,8,13,27.48,13.12,0,278.56,79,0,0,0,0
2022,8,14,28.43,13.12,0,274.75,79,0,0,0,0
2022,8,15,28.48,12.02,0,299.12,79,0,0,0,0
2022,8,16,28.88,11.6,0,306.12,79,0,0,0,0
2022,8,17,28.98,12.08,0,294.69,79,0,0,0,0
2022,8,18,28.07,11.47,0,263.19,79,0,0,0,0
2022,8,19,27.73,12.39,0,247,79,0,0,0,0
2022,8,20,28.26,13.12,0,249.88,79,0,0,0,0
2022,8,21,29.71,13.06,0,263.44,79,0,0,0,0
2022,8,22,28.65,11.41,0,245.12,79,0,0,0,0
2022,8,23,27.98,12.39,0,263.06,79,0,0,0,0
2022,8,24,28.17,10.56,0,253.12,79,0,0,0,0
2022,8,25,30.52,9.03,0,234.56,79,0,0,0,0
2022,8,26,30.51,10.99,0,211.88,79,0,0,0,0
2022,8,27,30.61,12.45,0,228.44,79,0,0,0,0
2022,8,28,33.06,10.31,0,199.38,79,0,0,0,0
2022,8,29,32.25,14.34,0,247.94,79,0,0,0,0
2022,8,30,32.46,13.73,0,247.62,79,0,0,0,0
2022,8,31,31.4,15.32,0,253.62,79,0,0,0,0
2022,9,1,30.52,14.95,0,280.06,79,0,0,0,0
2022,9,2,30.53,14.89,0,289.19,79,0,0,0,0
2022,9,3,30.51,15.32,0,289.06,79,0,0,0,0
2022,9,4,29.5,14.4,0,286.19,79,0,0,0,0
2022,9,5,28.28,13.61,0.01,279.31,79,-213.3544304,0.250073239,2500.732392,1
2022,9,6,27.38,13.79,0.47,266.12,79,-213.3544304,0.253451547,53.925861,1
2022,9,7,28.19,13.49,0.01,281.56,79,-213.3544304,0.250073239,2500.732392,1
2022,9,8,29.11,12.33,0,252.88,79,0,0,0,0
2022,9,9,28.92,11.35,0,306.69,79,0,0,0,0
2022,9,10,28.08,11.84,0,296.56,79,0,0,0,0
2022,9,11,27.53,11.78,0,277.94,79,0,0,0,0
2022,9,12,26.45,12.15,0,250.75,79,0,0,0,0
2022,9,13,27.42,13.98,0,269,79,0,0,0,0
2022,9,14,26.69,12.08,0,258.38,79,0,0,0,0
2022,9,15,26.54,10.8,0,240.31,79,0,0,0,0
2022,9,16,27.74,10.56,0,227.56,79,0,0,0,0
2022,9,17,27.73,12.02,0,218.75,79,0,0,0,0
2022,9,18,27.31,14.04,0,267.75,79,0,0,0,0
2022,9,19,26.73,13.73,0,283,79,0,0,0,0
2022,9,20,26.12,13.18,0,284.31,79,0,0,0,0
2022,9,21,25.05,11.35,0,264.94,79,0,0,0,0
2022,9,22,25.35,10.31,0,245.5,79,0,0,0,0
2022,9,23,26.24,9.83,0,216.25,79,0,0,0,0
2022,9,24,27.07,8.06,0,194.94,79,0,0,0,0
2022,9,25,27.73,7.51,0,167.88,79,0,0,0,0
2022,9,26,28.3,5.98,0,216.19,79,0,0,0,0
2022,9,27,27.65,7.26,0,224.81,79,0,0,0,0
2022,9,28,25.7,9.58,0,244.44,79,0,0,0,0
2022,9,29,27,10.93,0,292.62,79,0,0,0,0
2022,9,30,28.65,10.38,0,176.69,79,0,0,0,0
2022,10,1,29.62,10.38,0,215.38,79,0,0,0,0
2022,10,2,27.82,13.18,0,257.75,79,0,0,0,0
2022,10,3,26.83,13.06,0,232.88,79,0,0,0,0
2022,10,4,27.19,12.88,0,255.75,79,0,0,0,0
2022,10,5,26.02,11.84,0,284.88,79,0,0,0,0
2022,10,6,25.48,10.74,0,245.56,79,0,0,0,0
2022,10,7,24.62,11.35,0,300.19,79,0,0,0,0
2022,10,8,23.64,10.13,0,262.38,79,0,0,0,0
2022,10,9,23.67,10.01,0,254.12,79,0,0,0,0
2022,10,10,23.21,9.34,0,221.12,79,0,0,0,0
2022,10,11,24.22,9.46,0,171.06,79,0,0,0,0
2022,10,12,24.17,9.34,0,199.81,79,0,0,0,0
2022,10,13,23.51,11.11,0,305.38,79,0,0,0,0
2022,10,14,23.12,10.56,0,232.94,79,0,0,0,0
2022,10,15,23.56,10.31,0,214.19,79,0,0,0,0
2022,10,16,25.48,7.32,0,165.88,79,0,0,0,0
2022,10,17,25.34,9.77,0,216.19,79,0,0,0,0
2022,10,18,24.08,10.93,0,202.75,79,0,0,0,0
2022,10,19,24.28,9.95,0,208.5,79,0,0,0,0
2022,10,20,23.42,10.93,0.27,236,79,-213.3544304,0.251980476,93.32610236,1
2022,10,21,23.23,11.72,0.73,210.19,79,-213.3544304,0.255369114,34.98207045,0
2022,10,22,22.68,10.44,0,218.75,79,0,0,0,0
2022,10,23,23.02,10.19,0.08,174.62,79,-213.3544304,0.250586154,313.2326929,1
2022,10,24,23.67,9.46,0.01,151.62,79,-213.3544304,0.250073239,2500.732392,1
2022,10,25,23.81,8.48,0.84,93.06,79,-213.3544304,0.25618216,30.49787621,0
2022,10,26,24.43,8.54,1.02,159.19,79,-213.3544304,0.257514873,25.24655618,0
2022,10,27,23.27,8.61,0,154.62,79,0,0,0,0
2022,10,28,23.08,7.87,0,163.62,79,0,0,0,0
2022,10,29,24.33,6.35,0,127.94,79,0,0,0,0
2022,10,30,23.5,7.75,0,188.94,79,0,0,0,0
2022,10,31,22.16,10.19,0,260.25,79,0,0,0,0
2022,11,1,21.12,9.58,0.35,257.88,79,-213.3544304,0.25256849,72.16242571,1
2022,11,2,19.82,9.83,0.44,245.06,79,-213.3544304,0.253230666,57.55242405,1
2022,11,3,20.24,9.28,0,208.56,79,0,0,0,0
2022,11,4,19.71,7.63,0,170.19,79,0,0,0,0
2022,11,5,21.1,6.47,0,150.56,79,0,0,0,0
2022,11,6,21.68,7.51,0,191.38,79,0,0,0,0
2022,11,7,20.15,8.91,0.02,224.94,79,-213.3544304,0.250146487,1250.732435,1
2022,11,8,18.7,9.64,9.57,234.5,79,-213.3544304,0.324248879,3.38818055,0
2022,11,9,17.51,9.52,2.48,194.88,79,-213.3544304,0.268430052,10.8237924,0
2022,11,10,17.2,8.18,0,162.94,79,0,0,0,0
2022,11,11,18.01,7.02,0,137.88,79,0,0,0,0
2022,11,12,19.47,6.41,0,72.56,79,0,0,0,0
2022,11,13,21.3,7.51,0,88,79,0,0,0,0
2022,11,14,21,10.13,0.49,209.5,79,-213.3544304,0.253598844,51.7548661,1
2022,11,15,20.12,9.46,0.16,245,79,-213.3544304,0.251172859,156.9830366,1
2022,11,16,17.9,8.42,0.2,270.06,79,-213.3544304,0.251466417,125.7332086,1
2022,11,17,17.45,8.06,0.06,192.56,79,-213.3544304,0.250439564,417.3992736,1
2022,11,18,17.35,7.14,0,164,79,0,0,0,0
2022,11,19,19.08,5.68,0,129.06,79,0,0,0,0
2022,11,20,18.35,4.7,0,107.38,79,0,0,0,0
2022,11,21,20.4,5.86,0,127.44,79,0,0,0,0
2022,11,22,19.45,7.87,0.01,206.69,79,-213.3544304,0.250073239,2500.732392,1
2022,11,23,18.87,6.65,0.09,112,79,-213.3544304,0.250659462,278.5105136,1
2022,11,24,17.93,8.18,0.43,221.25,79,-213.3544304,0.253157056,58.87373399,1
2022,11,25,15.11,8.61,17.64,224.5,79,-213.3544304,0.394076642,2.233994571,0
2022,11,26,15.69,8,3.48,249.44,79,-213.3544304,0.276016195,7.931499854,0
2022,11,27,15.74,7.45,0,97.19,79,0,0,0,0
2022,11,28,17.54,7.63,0,107.88,79,0,0,0,0
2022,11,29,17.15,8.73,3.06,193.69,79,-213.3544304,0.27281899,8.915653272,0
2022,11,30,15.86,8.48,0.81,202.12,79,-213.3544304,0.255960316,31.60003901,0
2022,12,1,15.68,6.59,0.39,149.81,79,-213.3544304,0.252862704,64.83659075,1
2022,12,2,16.08,6.04,0.58,99.25,79,-213.3544304,0.25426211,43.83829481,1
2022,12,3,14.92,6.16,0.2,99.25,79,-213.3544304,0.251466417,125.7332086,1
2022,12,4,15.94,6.16,0,116.06,79,0,0,0,0
2022,12,5,14.75,6.59,0,173.25,79,0,0,0,0
2022,12,6,14.7,7.75,1.59,177.38,79,-213.3544304,0.261753849,16.46250623,0
2022,12,7,15.19,7.75,0,155,79,0,0,0,0
2022,12,8,15.28,6.71,0,160.94,79,0,0,0,0
2022,12,9,15.17,7.02,0,158.56,79,0,0,0,0
2022,12,10,15.16,6.41,0,144.88,79,0,0,0,0
2022,12,11,15.35,6.04,0,118.38,79,0,0,0,0
2022,12,12,16.83,5.92,0,143.5,79,0,0,0,0
2022,12,13,16.67,6.9,0,191.44,79,0,0,0,0
2022,12,14,15.08,8,0.64,143.75,79,-213.3544304,0.254704677,39.79760583,0
2022,12,15,16.21,8.61,0.22,177.69,79,-213.3544304,0.251613248,114.3696583,1
2022,12,16,16.69,7.14,0,106.44,79,0,0,0,0
2022,12,17,16.81,6.71,0,99.88,79,0,0,0,0
2022,12,18,15.62,5.74,0,109.12,79,0,0,0,0
2022,12,19,14.8,5.19,0,114.19,79,0,0,0,0
2022,12,20,14.03,5.49,0,194.75,79,0,0,0,0
2022,12,21,14.15,7.32,1.56,222.44,79,-213.3544304,0.261530033,16.76474569,0
2022,12,22,13.51,6.29,0.1,90.06,79,-213.3544304,0.250732779,250.7327788,1
2022,12,23,13.42,6.1,0.32,95.69,79,-213.3544304,0.25234792,78.85872505,1
2022,12,24,12.55,7.02,1.48,193.94,79,-213.3544304,0.260933577,17.6306471,0
2022,12,25,12.19,7.81,3.57,198.12,79,-213.3544304,0.276703401,7.750795549,0
2022,12,26,10.83,7.45,15.13,256.81,79,-213.3544304,0.371581929,2.45592815,0
2022,12,27,11.39,6.16,0.31,234.56,79,-213.3544304,0.252274414,81.37884327,1
2022,12,28,12.1,6.65,0,195.38,79,0,0,0,0
2022,12,29,11.65,5.49,0,121.81,79,0,0,0,0
2022,12,30,11.37,4.94,0,88.06,79,0,0,0,0
2022,12,31,12,5.49,0,88.94,79,0,0,0,0
2023,1,1,12.78,5.74,0,89.75,79,0,0,0,0
2023,1,2,11.5,5.37,0.11,89,79,-213.3544304,0.250806104,228.005549,1
2023,1,3,12.08,5.37,3.38,87.56,79,-213.3544304,0.2752535,8.143594665,0
2023,1,4,10.69,5.25,0.51,145.62,79,-213.3544304,0.253746176,49.7541521,1
2023,1,5,12.6,6.71,0.02,238.94,79,-213.3544304,0.250146487,1250.732435,1
2023,1,6,12.55,7.45,0.83,213.88,79,-213.3544304,0.256108203,30.85641005,0
2023,1,7,13.33,7.57,1.06,225.62,79,-213.3544304,0.257811416,24.32183166,0
2023,1,8,12.87,6.16,0.13,132.88,79,-213.3544304,0.25095278,193.0406,1
2023,1,9,12.01,5.55,0.34,136.75,79,-213.3544304,0.252494958,74.26322296,1
2023,1,10,12.24,6.04,0,180.5,79,0,0,0,0
2023,1,11,11.56,4.58,0,130.81,79,0,0,0,0
2023,1,12,11.33,5,4.11,169.5,79,-213.3544304,0.280842233,6.833144346,0
2023,1,13,11.16,5.86,2.34,172.06,79,-213.3544304,0.267375184,11.4262899,0
2023,1,14,10.8,6.04,5.11,187.5,79,-213.3544304,0.288578023,5.647319432,0
2023,1,15,12.19,6.04,0.23,185.06,79,-213.3544304,0.251686677,109.4289898,1
2023,1,16,11.46,5.8,0.1,193.38,79,-213.3544304,0.250732779,250.7327788,1
2023,1,17,12.8,6.47,0.02,182.25,79,-213.3544304,0.250146487,1250.732435,1
2023,1,18,12.86,5.43,0,143.12,79,0,0,0,0
2023,1,19,12.59,4.46,0,122.25,79,0,0,0,0
2023,1,20,12.76,4.58,0,118.19,79,0,0,0,0
2023,1,21,13.12,5.25,0,137.75,79,0,0,0,0
2023,1,22,14.67,6.16,0,117.06,79,0,0,0,0
2023,1,23,15.5,5.86,0,113.69,79,0,0,0,0
2023,1,24,14.37,5.86,0,138.56,79,0,0,0,0
2023,1,25,12.76,5.62,0,192.44,79,0,0,0,0
2023,1,26,12.07,4.88,0,177.19,79,0,0,0,0
2023,1,27,14.44,4.33,0,123.31,79,0,0,0,0
2023,1,28,16.24,6.23,0,222.31,79,0,0,0,0
2023,1,29,13.11,6.59,0,180.44,79,0,0,0,0
2023,1,30,12.37,6.23,0.62,214.69,79,-213.3544304,0.25455712,41.05760002,1
2023,1,31,10.8,6.84,13.38,242.5,79,-213.3544304,0.356323097,2.663102369,0
2023,2,1,11.23,6.65,22.47,231.81,79,-213.3544304,0.439506972,1.955972283,0
2023,2,2,10.03,5.68,8.27,264.19,79,-213.3544304,0.313649248,3.792614852,0
2023,2,3,10.08,6.1,3.88,210.62,79,-213.3544304,0.279076121,7.192683525,0
2023,2,4,9.86,6.59,8.56,224.62,79,-213.3544304,0.315999051,3.691577694,0
2023,2,5,11.22,6.47,3.02,210.12,79,-213.3544304,0.27251533,9.023686418,0
2023,2,6,9.47,5.98,18.48,217.44,79,-213.3544304,0.401770447,2.174082507,0
2023,2,7,9.48,6.23,39.85,258.12,79,-213.3544304,0.63073187,1.582765044,0
2023,2,8,7.66,4.94,5.48,272.5,79,-213.3544304,0.291464001,5.318686158,0
2023,2,9,7.65,4.64,0.95,139.31,79,-213.3544304,0.25699626,27.05223789,0
2023,2,10,9.71,4.64,0.01,85.38,79,-213.3544304,0.250073239,2500.732392,1
2023,2,11,9.08,4.64,0,136.19,79,0,0,0,0
2023,2,12,8.4,4.88,0,183.44,79,0,0,0,0
2023,2,13,7.87,4.64,0,180.94,79,0,0,0,0
2023,2,14,8.72,4.64,0.03,192.56,79,-213.3544304,0.250219743,834.0658115,1
2023,2,15,8.85,4.82,0.01,247.19,79,-213.3544304,0.250073239,2500.732392,1
2023,2,16,8.25,4.82,0.17,151.88,79,-213.3544304,0.251246235,147.7919031,1
2023,2,17,8.82,4.33,0,145.88,79,0,0,0,0
2023,2,18,10.33,4.64,0,168.62,79,0,0,0,0
2023,2,19,11.33,4.03,0,160.38,79,0,0,0,0
2023,2,20,11.57,5.13,0,199.06,79,0,0,0,0
2023,2,21,11.9,6.65,0,241.06,79,0,0,0,0
2023,2,22,11.92,5.86,0,199.5,79,0,0,0,0
2023,2,23,11.87,6.53,0,257.88,79,0,0,0,0
2023,2,24,12.08,6.35,0,180.69,79,0,0,0,0
2023,2,25,12.26,6.29,0,168.06,79,0,0,0,0
2023,2,26,14.01,6.53,0,143.75,79,0,0,0,0
2023,2,27,16.48,5.62,0,112.12,79,0,0,0,0
2023,2,28,17.96,5.74,0,121.12,79,0,0,0,0
2023,3,1,19.13,5.43,0,162.69,79,0,0,0,0
2023,3,2,19.83,5.8,0,156.88,79,0,0,0,0
2023,3,3,16.23,7.39,0,210.5,79,0,0,0,0
2023,3,4,16.41,6.59,0,186.06,79,0,0,0,0
2023,3,5,19.23,6.47,0,181.81,79,0,0,0,0
2023,3,6,15.53,7.93,0,264.94,79,0,0,0,0
2023,3,7,13.38,6.65,0.01,190.75,79,-213.3544304,0.250073239,2500.732392,1
2023,3,8,13.79,6.65,0.12,216.81,79,-213.3544304,0.250879438,209.066198,1
2023,3,9,14.15,6.77,0.23,218.81,79,-213.3544304,0.251686677,109.4289898,1
2023,3,10,14.73,5.49,0,149.5,79,0,0,0,0
2023,3,11,17.15,5.07,0,157.62,79,0,0,0,0
2023,3,12,17.52,5.37,0,170.31,79,0,0,0,0
2023,3,13,17.94,6.96,0,184.31,79,0,0,0,0
2023,3,14,13.94,8.3,8.58,158.38,79,-213.3544304,0.316161416,3.684864986,0
2023,3,15,12.73,7.63,9.94,241.5,79,-213.3544304,0.327297039,3.29272675,0
2023,3,16,14.48,6.53,0,202.56,79,0,0,0,0
2023,3,17,15.92,5.92,0,180.88,79,0,0,0,0
2023,3,18,15.12,6.9,1.16,185.06,79,-213.3544304,0.258553384,22.28908484,0
2023,3,19,13.86,7.45,6.06,250.38,79,-213.3544304,0.296014074,4.884720698,0
2023,3,20,12.44,7.39,7.9,272,79,-213.3544304,0.31066338,3.932447848,0
2023,3,21,13.82,7.26,0.06,245.94,79,-213.3544304,0.250439564,417.3992736,1
2023,3,22,14.64,7.51,0.01,203.88,79,-213.3544304,0.250073239,2500.732392,1
2023,3,23,16.87,7.14,0.02,90.5,79,-213.3544304,0.250146487,1250.732435,1
2023,3,24,20.92,7.75,0.35,116.56,79,-213.3544304,0.25256849,72.16242571,1
2023,3,25,18.9,9.46,2.34,193,79,-213.3544304,0.267375184,11.4262899,0
2023,3,26,17.37,8.91,0.09,289.38,79,-213.3544304,0.250659462,278.5105136,1
2023,3,27,16.47,7.93,0,232.81,79,0,0,0,0
2023,3,28,16.72,6.96,0,194.19,79,0,0,0,0
2023,3,29,15.16,6.77,0.02,251.56,79,-213.3544304,0.250146487,1250.732435,1
2023,3,30,12.32,5.74,0.18,276.5,79,-213.3544304,0.251319621,139.6220115,1
2023,3,31,11.87,4.52,0.01,283.88,79,-213.3544304,0.250073239,2500.732392,1
2023,4,1,13.22,5.55,0,228.62,79,0,0,0,0
2023,4,2,15.83,6.23,0,184.25,79,0,0,0,0
2023,4,3,20.22,5.25,0,133.25,79,0,0,0,0
2023,4,4,20.78,5,0,202.94,79,0,0,0,0
2023,4,5,16.65,7.69,0,278.25,79,0,0,0,0
2023,4,6,16.07,7.2,0,239.56,79,0,0,0,0
2023,4,7,20.5,6.04,0,189,79,0,0,0,0
2023,4,8,21.8,6.41,0,124.75,79,0,0,0,0
2023,4,9,24.91,7.45,0,219.06,79,0,0,0,0
2023,4,10,24.75,8.42,1.5,172.38,79,-213.3544304,0.261082638,17.40550921,0
2023,4,11,17.46,9.03,0.56,263.94,79,-213.3544304,0.254114657,45.37761729,1
2023,4,12,12.62,7.32,10.3,230.5,79,-213.3544304,0.330276315,3.20656617,0
2023,4,13,13.83,7.39,15.06,240.62,79,-213.3544304,0.370964987,2.463246925,0
2023,4,14,16.86,6.65,0.01,166.5,79,-213.3544304,0.250073239,2500.732392,1
2023,4,15,20.12,6.9,0,182.94,79,0,0,0,0
2023,4,16,22.33,7.81,0,175.44,79,0,0,0,0
2023,4,17,24.23,9.64,0,163.19,79,0,0,0,0
2023,4,18,25.23,8.24,0,188.62,79,0,0,0,0
2023,4,19,25.26,6.96,0,191.31,79,0,0,0,0
2023,4,20,19.3,9.16,0,277.88,79,0,0,0,0
2023,4,21,17.33,7.2,0,241.75,79,0,0,0,0
2023,4,22,18.58,6.47,0,192.12,79,0,0,0,0
2023,4,23,19.36,7.2,0,252.75,79,0,0,0,0
2023,4,24,18.81,6.65,0,235,79,0,0,0,0
2023,4,25,18.19,7.02,0,220.81,79,0,0,0,0
2023,4,26,18.41,6.16,0,211.88,79,0,0,0,0
2023,4,27,20.65,5.74,0,189.06,79,0,0,0,0
2023,4,28,18.33,7.57,0.25,235.94,79,-213.3544304,0.251833559,100.7334237,1
2023,4,29,15.64,7.51,2.35,237.38,79,-213.3544304,0.267450473,11.3808712,0
2023,4,30,16.68,7.08,0.06,270.25,79,-213.3544304,0.250439564,417.3992736,1
2023,5,1,17.61,6.77,0,183.06,79,0,0,0,0
2023,5,2,19.78,6.65,0,183.69,79,0,0,0,0
2023,5,3,22.52,6.47,0,62.12,79,0,0,0,0
2023,5,4,25.82,5.43,0,99.69,79,0,0,0,0
2023,5,5,25.8,6.53,0,206.94,79,0,0,0,0
2023,5,6,21.83,8.12,0,234.75,79,0,0,0,0
2023,5,7,20.72,8.67,0.09,247.38,79,-213.3544304,0.250659462,278.5105136,1
2023,5,8,20.1,9.16,0,287.81,79,0,0,0,0
2023,5,9,20.61,8.48,0,264.06,79,0,0,0,0
2023,5,10,23.31,7.87,0,175.5,79,0,0,0,0
2023,5,11,25.8,6.96,0,173.62,79,0,0,0,0
2023,5,12,25.01,8.24,0,227.12,79,0,0,0,0
2023,5,13,20.99,9.83,0,268.56,79,0,0,0,0
2023,5,14,22.26,8.85,0,253.06,79,0,0,0,0
2023,5,15,24.33,7.63,0,152.31,79,0,0,0,0
2023,5,16,28.21,5.98,0,151.38,79,0,0,0,0
2023,5,17,28.58,6.47,0,205.56,79,0,0,0,0
2023,5,18,22.09,9.64,0,266.31,79,0,0,0,0
2023,5,19,20.29,9.22,0,293.56,79,0,0,0,0
2023,5,20,20.73,8.79,0,252.62,79,0,0,0,0
2023,5,21,23.2,7.75,0,203.06,79,0,0,0,0
2023,5,22,25.96,7.63,0,219.75,79,0,0,0,0
2023,5,23,23.44,8.48,0,209.75,79,0,0,0,0
2023,5,24,26.48,6.1,0,197.12,79,0,0,0,0
2023,5,25,24.69,8,0,259.19,79,0,0,0,0
2023,5,26,24.93,6.1,0,187.62,79,0,0,0,0
2023,5,27,28.33,7.87,0.25,141.5,79,-213.3544304,0.251833559,100.7334237,1
2023,5,28,29.1,9.77,0.39,169.81,79,-213.3544304,0.252862704,64.83659075,1
2023,5,29,24.58,10.44,3.02,229.94,79,-213.3544304,0.27251533,9.023686418,0
2023,5,30,24.33,8.24,0,218.69,79,0,0,0,0
2023,5,31,25.38,6.47,0,221.06,79,0,0,0,0
2023,6,1,28.64,6.1,0,229.62,79,0,0,0,0
2023,6,2,31.76,8.67,0,182.19,79,0,0,0,0
2023,6,3,28.01,9.46,0.21,271.38,79,-213.3544304,0.251539828,119.7808707,1
2023,6,4,24.94,9.95,0,283.94,79,0,0,0,0
2023,6,5,24.07,8.79,0,280.62,79,0,0,0,0
2023,6,6,24.42,8.67,0,269,79,0,0,0,0
2023,6,7,25.46,9.64,0,233.75,79,0,0,0,0
2023,6,8,27.46,8,0,197.94,79,0,0,0,0
2023,6,9,31.48,7.87,0.52,129.69,79,-213.3544304,0.253819855,48.8115105,1
2023,6,10,29.36,9.03,1.16,218.19,79,-213.3544304,0.258553384,22.28908484,0
2023,6,11,25.58,9.64,0,238.69,79,0,0,0,0
2023,6,12,25.05,9.09,0,252.69,79,0,0,0,0
2023,6,13,26.42,9.77,0.1,221.88,79,-213.3544304,0.250732779,250.7327788,1
2023,6,14,26.98,9.64,0,228.38,79,0,0,0,0
2023,6,15,25.41,10.93,0,285,79,0,0,0,0
2023,6,16,26.98,10.25,0,272.25,79,0,0,0,0
2023,6,17,29.71,9.16,0,220,79,0,0,0,0
2023,6,18,25.61,11.11,0,276.56,79,0,0,0,0
2023,6,19,24.51,10.68,0,268.56,79,0,0,0,0
2023,6,20,25.44,11.23,0,290.75,79,0,0,0,0
2023,6,21,26,10.62,0,277.81,79,0,0,0,0
2023,6,22,26.44,10.8,0,285.19,79,0,0,0,0
2023,6,23,27.44,10.19,0,250.5,79,0,0,0,0
2023,6,24,28.1,9.58,0,252.94,79,0,0,0,0
2023,6,25,27.94,9.77,0,277.56,79,0,0,0,0
2023,6,26,26.83,10.62,0,270.81,79,0,0,0,0
2023,6,27,27.12,10.5,0,258.25,79,0,0,0,0
2023,6,28,27.41,10.86,0,263.62,79,0,0,0,0
2023,6,29,26.9,11.96,0,265.75,79,0,0,0,0
2023,6,30,27.02,11.17,0,265.81,79,0,0,0,0
2023,7,1,27.84,11.11,0,245,79,0,0,0,0
2023,7,2,27.08,11.05,0,254.06,79,0,0,0,0
2023,7,3,27.66,10.62,0,255.31,79,0,0,0,0
2023,7,4,28.76,10.68,0,267.81,79,0,0,0,0
2023,7,5,28.05,11.6,0,267.94,79,0,0,0,0
2023,7,6,27.15,12.02,0,258.75,79,0,0,0,0
2023,7,7,27.15,12.45,0,272.62,79,0,0,0,0
2023,7,8,28.4,12.45,0,260,79,0,0,0,0
2023,7,9,28.82,13.06,0,244.38,79,0,0,0,0
2023,7,10,28.62,12.94,0,267.88,79,0,0,0,0
2023,7,11,29.44,11.41,0,315.12,79,0,0,0,0
2023,7,12,31.73,8.54,0,210.44,79,0,0,0,0
2023,7,13,33.11,7.32,0,224.81,79,0,0,0,0
2023,7,14,31.84,8.12,0,282.69,79,0,0,0,0
2023,7,15,31,10.31,0,263.25,79,0,0,0,0
2023,7,16,31.29,11.84,0,269.12,79,0,0,0,0
2023,7,17,31.72,11.9,0,266.69,79,0,0,0,0
2023,7,18,30.86,11.66,0,276.56,79,0,0,0,0
2023,7,19,30.3,11.11,0,268,79,0,0,0,0
2023,7,20,30.44,9.89,0,253,79,0,0,0,0
2023,7,21,30.62,9.28,0,234.69,79,0,0,0,0
2023,7,22,29.73,11.29,0,254.75,79,0,0,0,0
2023,7,23,31.42,12.63,0,261.81,79,0,0,0,0
2023,7,24,31.91,12.39,0,258.44,79,0,0,0,0
2023,7,25,32.44,11.41,0,255.44,79,0,0,0,0
2023,7,26,32.07,10.38,0,285.12,79,0,0,0,0
2023,7,27,32.48,8.36,0,223.31,79,0,0,0,0
2023,7,28,32.41,8.12,0,222.12,79,0,0,0,0
2023,7,29,30.14,12.76,0,255.62,79,0,0,0,0
2023,7,30,29.04,13.55,0,246.44,79,0,0,0,0
2023,7,31,29.94,13.37,0,255.88,79,0,0,0,0
2023,8,1,30.3,12.57,0,254.06,79,0,0,0,0
2023,8,2,29.91,10.99,0,241.44,79,0,0,0,0
2023,8,3,28.9,10.56,0,246.44,79,0,0,0,0
2023,8,4,28.68,12.63,0,259.38,79,0,0,0,0
2023,8,5,28.98,12.51,0,254.62,79,0,0,0,0
2023,8,6,29.46,10.56,0,248.69,79,0,0,0,0
2023,8,7,29.63,10.56,0,265,79,0,0,0,0
2023,8,8,28.58,12.7,0,265.88,79,0,0,0,0
2023,8,9,29.12,13.06,0,268.69,79,0,0,0,0
2023,8,10,29.2,13.31,0,289.12,79,0,0,0,0
2023,8,11,29.73,11.35,0,251.56,79,0,0,0,0
2023,8,12,32.36,12.94,0,223.5,79,0,0,0,0
2023,8,13,34.92,15.14,0,234.81,79,0,0,0,0
2023,8,14,34.28,16.17,0,251.75,79,0,0,0,0
2023,8,15,31.18,17.21,0,279.75,79,0,0,0,0
2023,8,16,31.05,16.11,0,278.88,79,0,0,0,0
2023,8,17,31.62,16.11,0,282.75,79,0,0,0,0
2023,8,18,31.57,15.99,0,271.38,79,0,0,0,0
2023,8,19,30.93,15.44,0,279.38,79,0,0,0,0
2023,8,20,30.19,14.34,0,285.94,79,0,0,0,0
2023,8,21,28.9,13.73,0,287.31,79,0,0,0,0
2023,8,22,29.73,12.94,0,299.5,79,0,0,0,0
2023,8,23,30.05,13.67,0,270.56,79,0,0,0,0
2023,8,24,29.05,12.21,0,286.56,79,0,0,0,0
2023,8,25,28.18,14.1,0,280.44,79,0,0,0,0
2023,8,26,28.61,14.65,0,278.69,79,0,0,0,0
2023,8,27,27.93,13.49,0,253,79,0,0,0,0
2023,8,28,27.92,14.16,0,254.5,79,0,0,0,0
2023,8,29,28.61,14.04,0,267.5,79,0,0,0,0
2023,8,30,29.32,12.45,0,255.75,79,0,0,0,0
2023,8,31,29.65,11.11,0,232.62,79,0,0,0,0
2023,9,1,29.54,13.18,0,267.75,79,0,0,0,0
2023,9,2,28.07,12.63,0,278.44,79,0,0,0,0
2023,9,3,27.88,12.88,0,288.31,79,0,0,0,0
2023,9,4,28.47,12.57,0,237.25,79,0,0,0,0
2023,9,5,29.51,11.78,0,245.25,79,0,0,0,0
2023,9,6,30.44,9.83,0,230.56,79,0,0,0,0
2023,9,7,30.05,8.67,0,218.19,79,0,0,0,0
2023,9,8,32.61,6.41,0,219.44,79,0,0,0,0
2023,9,9,29.16,12.82,0,258.88,79,0,0,0,0
2023,9,10,28.12,14.47,0,270.88,79,0,0,0,0
2023,9,11,29.23,11.41,0,215.56,79,0,0,0,0
2023,9,12,30.8,9.58,0,229.94,79,0,0,0,0
2023,9,13,28.49,12.63,0.97,286.62,79,-213.3544304,0.257144391,26.50973108,0
2023,9,14,27.48,10.5,0,302,79,0,0,0,0
2023,9,15,27.09,10.07,0,267.31,79,0,0,0,0
2023,9,16,27,9.83,0,296.88,79,0,0,0,0
2023,9,17,26.56,10.5,0,237.75,79,0,0,0,0
2023,9,18,26.84,11.41,0,257.44,79,0,0,0,0
2023,9,19,26.94,12.33,0,238.88,79,0,0,0,0
2023,9,20,26.42,12.33,0,288.19,79,0,0,0,0
2023,9,21,26.78,12.15,0,289.62,79,0,0,0,0
2023,9,22,27.81,11.72,0,179.56,79,0,0,0,0
2023,9,23,29.3,10.68,0,183.88,79,0,0,0,0
2023,9,24,27.48,11.96,0,267.5,79,0,0,0,0
2023,9,25,26.88,12.27,0,259.69,79,0,0,0,0
2023,9,26,27.1,11.72,0,256.19,79,0,0,0,0
2023,9,27,26.95,10.8,0,213.44,79,0,0,0,0
2023,9,28,27.8,9.64,0,191.88,79,0,0,0,0
2023,9,29,27.89,8.79,0,214.44,79,0,0,0,0
2023,9,30,26.56,12.02,0,294.5,79,0,0,0,0
2023,10,1,25.44,12.82,0,225.12,79,0,0,0,0
2023,10,2,24.29,11.72,0.04,263,79,-213.3544304,0.250293008,625.7325211,1
2023,10,3,25.02,11.23,0.03,243.69,79,-213.3544304,0.250219743,834.0658115,1
2023,10,4,24.57,10.56,0,182.69,79,0,0,0,0
2023,10,5,27.68,8.48,0,154.56,79,0,0,0,0
2023,10,6,26.48,11.05,0,247.69,79,0,0,0,0
2023,10,7,24.44,10.19,0,243.31,79,0,0,0,0
2023,10,8,25.23,10.44,0,201.81,79,0,0,0,0
2023,10,9,25.2,12.02,16.52,187.81,79,-213.3544304,0.383948659,2.324144424,0
2023,10,10,25.04,14.22,2.16,241.31,79,-213.3544304,0.2660215,12.31581019,0
2023,10,11,23.45,11.9,0.04,224.31,79,-213.3544304,0.250293008,625.7325211,1
2023,10,12,23.17,11.23,0,196.19,79,0,0,0,0
2023,10,13,23.08,11.17,0.03,225.31,79,-213.3544304,0.250219743,834.0658115,1
2023,10,14,23.45,11.54,0.01,192.94,79,-213.3544304,0.250073239,2500.732392,1
2023,10,15,22.24,11.41,0.25,270.75,79,-213.3544304,0.251833559,100.7334237,1
2023,10,16,22.55,10.68,0.01,263.5,79,-213.3544304,0.250073239,2500.732392,1
2023,10,17,22.26,10.62,0,215.81,79,0,0,0,0
2023,10,18,22.57,11.05,0.08,212.44,79,-213.3544304,0.250586154,313.2326929,1
2023,10,19,22.83,11.17,0.01,276.94,79,-213.3544304,0.250073239,2500.732392,1
2023,10,20,22.85,10.86,0,195.81,79,0,0,0,0
2023,10,21,23.9,9.34,0,136.31,79,0,0,0,0
2023,10,22,26.51,7.81,0,107.75,79,0,0,0,0
2023,10,23,25.36,7.87,0,138.19,79,0,0,0,0
2023,10,24,25.58,9.03,0,139.06,79,0,0,0,0
2023,10,25,25.88,8.06,0,94.5,79,0,0,0,0
2023,10,26,27.29,7.32,0,147.62,79,0,0,0,0
2023,10,27,24.56,8.67,5.38,143.19,79,-213.3544304,0.290682733,5.403024782,0
2023,10,28,25.96,11.66,13.59,115.12,79,-213.3544304,0.358136207,2.635292177,0
2023,10,29,24.8,11.35,0.01,136.56,79,-213.3544304,0.250073239,2500.732392,1
2023,10,30,23.93,11.05,0.06,109.81,79,-213.3544304,0.250439564,417.3992736,1
2023,10,31,23.87,10.31,0,106.25,79,0,0,0,0
2023,11,1,24.21,11.05,0.12,96.25,79,-213.3544304,0.250879438,209.066198,1
2023,11,2,23.53,10.74,0,174.5,79,-213.3544304,0.25,0,0
2023,11,3,22.33,11.29,0.04,218.88,79,-213.3544304,0.250293008,625.7325211,1
2023,11,4,22.57,8.12,0,175.38,79,0,0,0,0
2023,11,5,22.53,8.12,0,188.56,79,0,0,0,0
2023,11,6,21.16,7.87,0,185.12,79,0,0,0,0
2023,11,7,21.41,7.32,0,171,79,0,0,0,0
2023,11,8,21.54,6.71,0,178.81,79,0,0,0,0
2023,11,9,21.35,7.51,0,186.81,79,0,0,0,0
2023,11,10,19.67,10.01,0,188.56,79,0,0,0,0
2023,11,11,20.95,6.77,0,74.38,79,0,0,0,0
2023,11,12,21.66,7.14,0.53,97.19,79,-213.3544304,0.253893542,47.90444192,1
2023,11,13,24.89,9.7,0.01,148.62,79,-213.3544304,0.250073239,2500.732392,1
2023,11,14,21.37,10.68,1.41,265.81,79,-213.3544304,0.260412141,18.46894617,0
2023,11,15,19.97,9.89,0.1,195.06,79,-213.3544304,0.250732779,250.7327788,1
2023,11,16,19.56,9.89,0,198.56,79,0,0,0,0
2023,11,17,20.64,11.35,0.23,236.94,79,-213.3544304,0.251686677,109.4289898,1
2023,11,18,19.93,10.31,0.01,196.06,79,-213.3544304,0.250073239,2500.732392,1
2023,11,19,17.06,10.07,18.8,234.31,79,-213.3544304,0.404723806,2.152786201,0
2023,11,20,16.28,7.87,0.2,277.31,79,-213.3544304,0.251466417,125.7332086,1
2023,11,21,16.79,7.63,0.01,259.44,79,-213.3544304,0.250073239,2500.732392,1
2023,11,22,16.72,6.16,0,104.56,79,0,0,0,0
2023,11,23,18.07,7.39,0,133.19,79,0,0,0,0
2023,11,24,17.66,7.81,0,129.19,79,0,0,0,0
2023,11,25,16.68,8.12,0,144.75,79,0,0,0,0
2023,11,26,16.84,6.84,0.09,218.5,79,-213.3544304,0.250659462,278.5105136,1
2023,11,27,15.94,8,1.37,275.88,79,-213.3544304,0.260114371,18.98645044,0
2023,11,28,13.96,6.53,0.01,253.06,79,-213.3544304,0.250073239,2500.732392,1
2023,11,29,15.52,6.29,0,117.19,79,0,0,0,0
2023,11,30,15.9,6.84,0,167.5,79,0,0,0,0
2023,12,1,16.05,6.59,0,133.88,79,0,0,0,0
2023,12,2,17.88,7.2,0,111,79,0,0,0,0
2023,12,3,18.09,6.84,0,116.12,79,0,0,0,0
2023,12,4,21.22,7.81,0,133,79,0,0,0,0
2023,12,5,19.21,8.79,13.33,182.38,79,-213.3544304,0.355892117,2.669858346,0
2023,12,6,17.13,10.01,0.93,234.5,79,-213.3544304,0.256848163,27.61808208,0
2023,12,7,17.46,9.4,0.23,178.38,79,-213.3544304,0.251686677,109.4289898,1
2023,12,8,16.62,7.81,0.12,195.81,79,-213.3544304,0.250879438,209.066198,1
2023,12,9,15.52,8.79,0.78,214.5,79,-213.3544304,0.25573855,32.7869936,0
2023,12,10,15.94,6.59,0,126.94,79,0,0,0,0
2023,12,11,15.77,6.96,0,176.31,79,0,0,0,0
2023,12,12,14.74,7.32,0.05,211.25,79,-213.3544304,0.250366282,500.732564,1
2023,12,13,15.04,8.61,0.69,272.94,79,-213.3544304,0.255073722,36.9672061,0
2023,12,14,16.1,8.12,0,226.94,79,0,0,0,0
2023,12,15,15,7.02,0,115.94,79,0,0,0,0
2023,12,16,15.37,5.55,0,130.19,79,0,0,0,0
2023,12,17,14.9,6.04,0,187.81,79,0,0,0,0
2023,12,18,14.4,6.41,0,109.44,79,0,0,0,0
2023,12,19,13.57,5.49,0,93.06,79,0,0,0,0
2023,12,20,13.55,4.64,0,103.94,79,0,0,0,0
2023,12,21,14.63,6.16,0.31,150.19,79,-213.3544304,0.252274414,81.37884327,1
2023,12,22,14.23,7.51,0.41,224.12,79,-213.3544304,0.253009863,61.70972262,1
2023,12,23,15.41,9.16,6.35,230.5,79,-213.3544304,0.298301155,4.697655985,0
2023,12,24,15.02,8.42,0.42,264.06,79,-213.3544304,0.253083455,60.25796551,1
2023,12,25,15.05,7.75,0.07,138.12,79,-213.3544304,0.250512855,357.8755071,1
2023,12,26,14.55,6.47,0,96.88,79,0,0,0,0
2023,12,27,15.73,7.81,0.43,87.56,79,-213.3544304,0.253157056,58.87373399,1
2023,12,28,15.54,8.18,0.1,69.38,79,-213.3544304,0.250732779,250.7327788,1
2023,12,29,13.72,6.9,0.03,90.81,79,-213.3544304,0.250219743,834.0658115,1
2023,12,30,14.28,6.47,0,122.25,79,0,0,0,0
2023,12,31,15.03,6.1,0,135.25,79,0,0,0,0
